dataset_id,name,repository,access_level,license,access_prerequisites,canonical_url,next_step
BIO-005,NCI Genomic Data Commons (GDC) incl. TCGA,NCI GDC,controlled,Not reported (GDC 'Data Access Policies' referenced but not quoted),"Open tier: no authentication. Controlled tier (low-level sequence data, germline variants, SNP6 genotypes, some clinical): eRA Commons login + dbGaP authorization",https://portal.gdc.cancer.gov/,"Complete the listed prerequisites yourself, then add the file to acquisition_plan.csv only if the licence permits local storage; this tool never downloads non-open data."
BIO-011,DrugBank,DrugBank (OMx),registration,Academic: CC BY-NC 4.0; Open Data subset: CC0; commercial use requires paid licence,Account + academic licence approval for non-commercial research; 'All Academic DrugBank dataset downloads are temporarily paused',https://go.drugbank.com/,"Complete the listed prerequisites yourself, then add the file to acquisition_plan.csv only if the licence permits local storage; this tool never downloads non-open data."
BIO-018,KEGG,Kanehisa Laboratories,registration,Copyright Kanehisa Laboratories; academic website use free; academic service providers need FTP academic subscription; non-academic use requires commercial licence (Pathway Solutions),FTP bulk requires paid subscription; commercial licence for non-academic use,https://www.kegg.jp/,"Complete the listed prerequisites yourself, then add the file to acquisition_plan.csv only if the licence permits local storage; this tool never downloads non-open data."
CLN-012,MIMIC-IV v3.1,PhysioNet,credentialed,PhysioNet Credentialed Health Data License 1.5.0,PhysioNet credentialed user; CITI 'Data or Specimens Only Research' training; signed DUA,https://physionet.org/content/mimiciv/3.1/,"Complete the listed prerequisites yourself, then add the file to acquisition_plan.csv only if the licence permits local storage; this tool never downloads non-open data."
CLN-014,eICU Collaborative Research Database,PhysioNet,credentialed,PhysioNet Credentialed Health Data License 1.5.0,Credentialed PhysioNet user; CITI Data or Specimens Only Research training; signed DUA,https://physionet.org/content/eicu-crd/2.0/,"Complete the listed prerequisites yourself, then add the file to acquisition_plan.csv only if the licence permits local storage; this tool never downloads non-open data."
CLN-016,SEER Research Data,"NCI Surveillance, Epidemiology, and End Results (SEER)",registration,Not reported (data use agreement terms on registration),"Research Data: valid email, registration, agree to terms, SEER*Stat account. Research Plus: eRA Commons/HHS account, supervisor/mentor",https://seer.cancer.gov/data/,"Complete the listed prerequisites yourself, then add the file to acquisition_plan.csv only if the licence permits local storage; this tool never downloads non-open data."
CLN-019,Stroke Prediction Dataset,Kaggle,registration,Data files © Original Authors,Assessment: Kaggle account for download,https://www.kaggle.com/datasets/fedesoriano/stroke-prediction-dataset,"Complete the listed prerequisites yourself, then add the file to acquisition_plan.csv only if the licence permits local storage; this tool never downloads non-open data."
CLN-020,"Framingham Heart Study-Cohort (FHS-Cohort), BioLINCC",NHLBI BioLINCC,controlled,Not reported,Full or expedited IRB/Ethics Committee approval (waivers/exemptions insufficient); BioLINCC request and agreement; commercial use restrictions by consent,https://biolincc.nhlbi.nih.gov/studies/framcohort/,"Complete the listed prerequisites yourself, then add the file to acquisition_plan.csv only if the licence permits local storage; this tool never downloads non-open data."
CLN-021,Framingham Heart Study teaching dataset (BioLINCC),NHLBI BioLINCC,registration,Not reported,Free upon request via BioLINCC teaching dataset request form,https://www.biolincc.nhlbi.nih.gov/teaching/,"Complete the listed prerequisites yourself, then add the file to acquisition_plan.csv only if the licence permits local storage; this tool never downloads non-open data."
NLP-003,MIMIC-IV-Note: Deidentified free-text clinical notes,PhysioNet,credentialed,PhysioNet Credentialed Health Data License 1.5.0,PhysioNet credentialed user; CITI Data or Specimens Only Research training; signed DUA,https://physionet.org/content/mimic-iv-note/,"Complete the listed prerequisites yourself, then add the file to acquisition_plan.csv only if the licence permits local storage; this tool never downloads non-open data."
NLP-007,BioASQ,BioASQ Participants Area,registration,Not reported,Register/login at BioASQ Participants Area,https://bioasq.org/,"Complete the listed prerequisites yourself, then add the file to acquisition_plan.csv only if the licence permits local storage; this tool never downloads non-open data."
NLP-008,n2c2 (formerly i2b2) NLP Research Data Sets,Harvard DBMI Data Portal,controlled,n2c2 Data Use Agreement,Individual registration on DBMI Data Portal and DUA; no sharing or public posting,https://n2c2.dbmi.hms.harvard.edu/data-sets,"Complete the listed prerequisites yourself, then add the file to acquisition_plan.csv only if the licence permits local storage; this tool never downloads non-open data."
NLP-009,UMLS Metathesaurus,NLM UMLS,registration,"UMLS Metathesaurus License (individual, no charge); some sources need additional agreements",UTS account + individual UMLS license (not issued to groups/organizations),https://www.nlm.nih.gov/research/umls/index.html,"Complete the listed prerequisites yourself, then add the file to acquisition_plan.csv only if the licence permits local storage; this tool never downloads non-open data."
NLP-013,MedNLI,PhysioNet,credentialed,PhysioNet Credentialed Health Data License 1.5.0,Credentialed PhysioNet user; CITI training; PhysioNet Credentialed Health Data Use Agreement 1.5.0,https://physionet.org/content/mednli/,"Complete the listed prerequisites yourself, then add the file to acquisition_plan.csv only if the licence permits local storage; this tool never downloads non-open data."
NLP-014,SNOMED CT (US Edition / International),SNOMED International / NLM,registration,SNOMED CT Affiliate License,US: UMLS license/UTS account; free in Member countries; non-Member territories license via MLDS with possible fees,https://www.nlm.nih.gov/healthit/snomedct/index.html,"Complete the listed prerequisites yourself, then add the file to acquisition_plan.csv only if the licence permits local storage; this tool never downloads non-open data."
NLP-015,LOINC,Regenstrief Institute,registration,LOINC License,LOINC username/password login,https://loinc.org/downloads/,"Complete the listed prerequisites yourself, then add the file to acquisition_plan.csv only if the licence permits local storage; this tool never downloads non-open data."
NLP-016,emrQA,GitHub (panushri25/emrQA),controlled,n2c2 DUA,Sign n2c2 data use agreement via DBMI portal,https://github.com/panushri25/emrQA,"Complete the listed prerequisites yourself, then add the file to acquisition_plan.csv only if the licence permits local storage; this tool never downloads non-open data."
IMG-001,BraTS 2021 (RSNA-ASNR-MICCAI Brain Tumor Segmentation),Synapse (Task 1) / Kaggle (Task 2); challenge site at UPenn CBICA,registration,Not reported for data (arXiv paper itself is CC BY 4.0),Create Synapse (Task 1) or Kaggle (Task 2) account and complete registration form,https://www.med.upenn.edu/cbica/brats2021/,"Complete the listed prerequisites yourself, then add the file to acquisition_plan.csv only if the licence permits local storage; this tool never downloads non-open data."
IMG-002,Brain Tumor MRI Dataset (Nickparvar),Kaggle Datasets,registration,CC BY 4.0,Assessment: Kaggle account needed for download (not stated on page),https://www.kaggle.com/datasets/masoudnickparvar/brain-tumor-mri-dataset,"Complete the listed prerequisites yourself, then add the file to acquisition_plan.csv only if the licence permits local storage; this tool never downloads non-open data."
IMG-008,CheXpert,Stanford AIMI,registration,Not reported (AIMI page has Terms & Conditions; text not extracted),"Accept Stanford AIMI Terms & Conditions (Assessment: login required, not confirmed)",https://stanfordmlgroup.github.io/competitions/chexpert/,"Complete the listed prerequisites yourself, then add the file to acquisition_plan.csv only if the licence permits local storage; this tool never downloads non-open data."
IMG-009,MIMIC-CXR v2.0.0,PhysioNet,credentialed,PhysioNet Credentialed Health Data License 1.5.0,Credentialed PhysioNet user; CITI Data or Specimens Only Research training; sign DUA,https://physionet.org/content/mimic-cxr/2.0.0/,"Complete the listed prerequisites yourself, then add the file to acquisition_plan.csv only if the licence permits local storage; this tool never downloads non-open data."
IMG-010,OASIS-3,OASIS Brains / NITRC-IR,controlled,Not reported (OASIS Data Use Agreement; acknowledgment required),NITRC registration; access request application; DUA; AV45/AV1451 publications submitted to Avid 30 days prior,https://sites.wustl.edu/oasisbrains/home/oasis-3/,"Complete the listed prerequisites yourself, then add the file to acquisition_plan.csv only if the licence permits local storage; this tool never downloads non-open data."
IMG-011,ADNI (Alzheimer's Disease Neuroimaging Initiative),LONI Image and Data Archive (IDA),controlled,Not reported (ADNI Data Use Agreement and publication policies),Accept DUA; online application with affiliation and research use; Data Sharing and Publications Committee review (~2 weeks); annual account update,https://adni.loni.usc.edu/,"Complete the listed prerequisites yourself, then add the file to acquisition_plan.csv only if the licence permits local storage; this tool never downloads non-open data."
IMG-013,VinDr-Mammo,PhysioNet,registration,PhysioNet Restricted Health Data License 1.5.0,Registered PhysioNet user; sign data use agreement,https://physionet.org/content/vindr-mammo/1.0.0/,"Complete the listed prerequisites yourself, then add the file to acquisition_plan.csv only if the licence permits local storage; this tool never downloads non-open data."
IMG-017,CAMELYON16,Grand Challenge,unknown,Not reported,Not reported,https://camelyon16.grand-challenge.org/,"Complete the listed prerequisites yourself, then add the file to acquisition_plan.csv only if the licence permits local storage; this tool never downloads non-open data."
IMG-019,APTOS 2019 Blindness Detection,Kaggle Competitions,competition,Not reported (competition rules not retrievable),Assessment: Kaggle account and competition rules acceptance,https://www.kaggle.com/competitions/aptos2019-blindness-detection,"Complete the listed prerequisites yourself, then add the file to acquisition_plan.csv only if the licence permits local storage; this tool never downloads non-open data."
IMG-020,IDRiD (Indian Diabetic Retinopathy Image Dataset),IEEE DataPort,registration,Not reported,Free IEEE DataPort account login (IEEE membership not needed),https://ieee-dataport.org/open-access/indian-diabetic-retinopathy-image-dataset-idrid,"Complete the listed prerequisites yourself, then add the file to acquisition_plan.csv only if the licence permits local storage; this tool never downloads non-open data."
PH-004,CDC WONDER Underlying Cause of Death,CDC WONDER,registration,Data use restrictions: 'Use these data for health statistical reporting and analysis only. Do not present or publish death counts of 9 or fewer...',Agree to data use restrictions before query (no re-identification; report inadvertent discoveries); access_level: click-through agreement,https://wonder.cdc.gov/deaths-by-underlying-cause.html,"Complete the listed prerequisites yourself, then add the file to acquisition_plan.csv only if the licence permits local storage; this tool never downloads non-open data."
PH-013,IHME Global Burden of Disease (GBD) Results Tool,IHME GHDx,unknown,IHME FREE-OF-CHARGE NON-COMMERCIAL USER AGREEMENT (May 2020),Non-commercial use only; commercial users must contact IHME; registration requirement not confirmed (Results Tool page returned 403),https://vizhub.healthdata.org/gbd-results/,"Complete the listed prerequisites yourself, then add the file to acquisition_plan.csv only if the licence permits local storage; this tool never downloads non-open data."
PH-018,DHS Program (Demographic and Health Surveys),The DHS Program (ICF/USAID),registration,"Terms of Use Statement required for GPS, HIV and biomarker datasets",Registered user; request with project title and analysis description; review in 24-48 h; send resulting publications (PDF) to DHS archive,https://dhsprogram.com/data/,"Complete the listed prerequisites yourself, then add the file to acquisition_plan.csv only if the licence permits local storage; this tool never downloads non-open data."
TS-008,Temple University Hospital EEG Corpus (TUEG) and subsets,"Neural Engineering Data Consortium (NEDC), Temple University",registration,Not reported (data use agreement form required),Signed registration/DUA form emailed to help@nedcdata.org; approval ~24-48 h; SSH key,https://isip.piconepress.com/projects/nedc/html/tuh_eeg/,"Complete the listed prerequisites yourself, then add the file to acquisition_plan.csv only if the licence permits local storage; this tool never downloads non-open data."
TS-012,WESAD (Wearable Stress and Affect Detection),UCI Machine Learning Repository,unknown,Not reported on UCI page (refers to linked dataset for licensing),See linked dataset homepage for terms,https://archive.ics.uci.edu/dataset/465/wesad+wearable+stress+and+affect+detection,"Complete the listed prerequisites yourself, then add the file to acquisition_plan.csv only if the licence permits local storage; this tool never downloads non-open data."
