dataset_id,source_url,acquisition_method,access_prerequisites,requested_files,local_path,download_status,timestamp_utc,version,file_size_bytes,sha256,expected_checksum,error_or_reason
CLN-009,sklearn://datasets/data/breast_cancer.csv,sklearn_bundled (scikit-learn 1.9.1 package data),None (no login),breast_cancer_sklearn_copy.csv,clinical_tabular/cancer/raw/CLN-009/breast_cancer_sklearn_copy.csv,success,2026-10-04T04:35:44Z,Not reported,119913,fed3eb72d0575ef6192293f5093c6e801b1476b577d0386bf4455504522172ed,,
CLN-009,https://archive.ics.uci.edu/static/public/17/breast+cancer+wisconsin+diagnostic.zip,https,None (no login),breast_cancer_wisconsin_diagnostic.zip,,not_attempted,2026-10-04T04:35:44Z,Not reported,,,,Awaiting user approval (approved != yes)
CLN-001,https://archive.ics.uci.edu/static/public/45/data.csv,https,None (no login),heart_disease_data.csv,,not_attempted,2026-10-04T04:35:44Z,Not reported,,,,Awaiting user approval (approved != yes)
CLN-002,https://openml.org/data/v1/download/37/diabetes.arff,https,None,diabetes_openml37.arff,,not_attempted,2026-10-04T04:35:44Z,1 (uploaded 2014-04-06; status active),,,md5:3cbaa3e54586aa88cf6aacb4033e4470,Awaiting user approval (approved != yes)
CLN-003,https://archive.ics.uci.edu/static/public/296/diabetes+130-us+hospitals+for+years+1999-2008.zip,https,None (no login),diabetes_130_us_hospitals.zip,,not_attempted,2026-10-04T04:35:44Z,Not reported,,,,Awaiting user approval (approved != yes)
CLN-005,https://archive.ics.uci.edu/static/public/529/early+stage+diabetes+risk+prediction+dataset.zip,https,None (no login),early_stage_diabetes.zip,,not_attempted,2026-10-04T04:35:44Z,Not reported,,,,Awaiting user approval (approved != yes)
CLN-006,https://archive.ics.uci.edu/static/public/336/chronic+kidney+disease.zip,https,None (no login),chronic_kidney_disease.zip,,not_attempted,2026-10-04T04:35:44Z,Not reported,,,,Awaiting user approval (approved != yes)
CLN-007,https://archive.ics.uci.edu/static/public/225/ilpd+indian+liver+patient+dataset.zip,https,None (no login),ilpd.zip,,not_attempted,2026-10-04T04:35:44Z,Not reported,,,,Awaiting user approval (approved != yes)
CLN-008,https://archive.ics.uci.edu/static/public/571/hcv+data.zip,https,None (no login),hcv_data.zip,,not_attempted,2026-10-04T04:35:44Z,Not reported,,,,Awaiting user approval (approved != yes)
CLN-010,https://archive.ics.uci.edu/static/public/519/heart+failure+clinical+records.zip,https,None (no login),heart_failure_clinical_records.zip,,not_attempted,2026-10-04T04:35:44Z,Not reported,,,,Awaiting user approval (approved != yes)
CLN-011,https://archive.ics.uci.edu/static/public/383/cervical+cancer+risk+factors.zip,https,None (no login),cervical_cancer_risk_factors.zip,,not_attempted,2026-10-04T04:35:44Z,Not reported,,,,Awaiting user approval (approved != yes)
CLN-013,https://physionet.org/content/mimic-iv-demo/get-zip/2.2/,https,None; conform to license,mimic_iv_demo_2.2.zip,,not_attempted,2026-10-04T04:35:44Z,"2.2 (published January 31, 2023)",,,,Awaiting user approval (approved != yes)
TS-001,https://physionet.org/content/mitdb/get-zip/1.0.0/,https,None; must conform to license terms (PhysioNet open access),mitdb_1.0.0.zip,,not_attempted,2026-10-04T04:35:44Z,1.0.0,,,,Awaiting user approval (approved != yes)
TS-009,https://physionet.org/content/bidmc/get-zip/1.0.0/,https,None; must conform to license terms (PhysioNet open access),bidmc_1.0.0.zip,,not_attempted,2026-10-04T04:35:44Z,1.0.0,,,,Awaiting user approval (approved != yes)
TS-017,https://physionet.org/content/noneeg/get-zip/1.0.0/,https,None; must conform to license terms (PhysioNet open access),noneeg_1.0.0.zip,,not_attempted,2026-10-04T04:35:44Z,1.0.0,,,,Awaiting user approval (approved != yes)
TS-020,https://physionet.org/content/wearable-exam-stress/get-zip/1.0.0/,https,None; must conform to license terms (PhysioNet open access),wearable_exam_stress_1.0.0.zip,,not_attempted,2026-10-04T04:35:44Z,1.0.0 (latest),,,,Awaiting user approval (approved != yes)
