dataset_id,url,filename,method,expected_sha256,expected_md5,approved,notes
CLN-009,sklearn://datasets/data/breast_cancer.csv,breast_cancer_sklearn_copy.csv,sklearn_bundled,,,yes,Redistributed copy of UCI WDBC shipped inside scikit-learn (installed from PyPI); canonical file is the UCI zip below
CLN-009,https://archive.ics.uci.edu/static/public/17/breast+cancer+wisconsin+diagnostic.zip,breast_cancer_wisconsin_diagnostic.zip,https,,,yes,Canonical UCI zip (50.1 KB); CC BY 4.0
CLN-001,https://archive.ics.uci.edu/static/public/45/data.csv,heart_disease_data.csv,https,,,yes,UCI Heart Disease processed CSV (CC BY 4.0)
CLN-002,https://www.openml.org/data/v1/download/37/diabetes.arff,diabetes_openml37.arff,https,,3cbaa3e54586aa88cf6aacb4033e4470,yes,OpenML 37; md5 from OpenML API
CLN-003,https://archive.ics.uci.edu/static/public/296/diabetes+130-us+hospitals+for+years+1999-2008.zip,diabetes_130_us_hospitals.zip,https,,,yes,~3 MB zip; CC BY 4.0
CLN-005,https://archive.ics.uci.edu/static/public/529/early+stage+diabetes+risk+prediction+dataset.zip,early_stage_diabetes.zip,https,,,yes,CC BY 4.0
CLN-006,https://archive.ics.uci.edu/static/public/336/chronic+kidney+disease.zip,chronic_kidney_disease.zip,https,,,yes,CC BY 4.0; ARFF inside zip
CLN-007,https://archive.ics.uci.edu/static/public/225/ilpd+indian+liver+patient+dataset.zip,ilpd.zip,https,,,yes,CC BY 4.0
CLN-008,https://archive.ics.uci.edu/static/public/571/hcv+data.zip,hcv_data.zip,https,,,yes,CC BY 4.0
CLN-010,https://archive.ics.uci.edu/static/public/519/heart+failure+clinical+records.zip,heart_failure_clinical_records.zip,https,,,yes,CC BY 4.0
CLN-011,https://archive.ics.uci.edu/static/public/383/cervical+cancer+risk+factors.zip,cervical_cancer_risk_factors.zip,https,,,yes,CC BY 4.0
CLN-013,https://www.physionet.org/content/mimic-iv-demo/get-zip/2.2/,mimic_iv_demo_2.2.zip,https,,,yes,Open ODbL demo (100 patients); verify against SHA256SUMS.txt after unzip
TS-001,https://www.physionet.org/content/mitdb/get-zip/1.0.0/,mitdb_1.0.0.zip,https,,,yes,ZIP 73.5 MB; verify members against SHA256SUMS.txt
TS-009,https://www.physionet.org/content/bidmc/get-zip/1.0.0/,bidmc_1.0.0.zip,https,,,yes,207.7 MB uncompressed
TS-017,https://www.physionet.org/content/noneeg/get-zip/1.0.0/,noneeg_1.0.0.zip,https,,,yes,3.7 MB uncompressed
TS-020,https://www.physionet.org/content/wearable-exam-stress/get-zip/1.0.0/,wearable_exam_stress_1.0.0.zip,https,,,yes,82.1 MB uncompressed
BIO-001,https://archive.ics.uci.edu/static/public/69/molecular+biology+splice+junction+gene+sequences.zip,splice_junction.zip,https,,,yes,"Batch 2 (approved by Vishal 2026-10-04 'go ahead, rich database'); 163 KB; CC BY 4.0"
BIO-002,https://archive.ics.uci.edu/static/public/67/molecular+biology+promoter+gene+sequences.zip,promoter_sequences.zip,https,,,yes,Batch 2; 7 KB; CC BY 4.0
BIO-003,https://archive.ics.uci.edu/static/public/401/gene+expression+cancer+rna+seq.zip,gene_expression_cancer_rnaseq.zip,https,,,yes,Batch 2; ~70 MB; CC BY 4.0; enables experiment E5
TS-019,https://www.physionet.org/content/challenge-2019/get-zip/1.0.0/,challenge_2019_sepsis.zip,https,,,yes,"Batch 2; CC BY 4.0; ICU sepsis early prediction (hourly vitals/labs); 2026-10-04: get-zip returns 404 (PhysioNet offers no zip for this project; 40,336 .psv files under files/challenge-2019/1.0.0/training/ would need per-file fetching)"
TS-004,https://www.physionet.org/content/challenge-2017/get-zip/1.0.0/,challenge_2017_af.zip,https,,,yes,Batch 2; ODC-By; ~1.4 GB per page; single-lead AF ECG
TS-014,https://www.physionet.org/content/apnea-ecg/get-zip/1.0.0/,apnea_ecg_1.0.0.zip,https,,,yes,Batch 2; ODC-By; 580.6 MB uncompressed
TS-002,https://www.physionet.org/content/ptb-xl/get-zip/1.0.3/,ptb_xl_1.0.3.zip,https,,,yes,"Batch 2; CC BY 4.0; 3.0 GB uncompressed; 12-lead ECG, 21,799 records"
TS-006,https://www.physionet.org/content/eegmmidb/get-zip/1.0.0/,eegmmidb_1.0.0.zip,https,,,yes,"Batch 2; ODC-By; ZIP 1.9 GB; EEG motor imagery, 109 subjects"
PH-009,https://data.cdc.gov/api/views/bi63-dtpu/rows.csv?accessType=DOWNLOAD,nchs_leading_causes_of_death.csv,https,,,yes,"Batch 2; public domain; 10,868 rows; acquired 2026-10-04 18:10Z"
PH-008,https://data.cdc.gov/api/views/swc5-untb/rows.csv?accessType=DOWNLOAD,places_county_2025.csv,https,,,yes,Batch 2; public domain; PLACES county estimates; acquired 2026-10-04 18:10Z
PH-014,https://raw.githubusercontent.com/owid/covid-19-data/master/public/data/owid-covid-data.csv,owid-covid-data.csv,https,,,yes,"Batch 2; CC BY; archived 2024-08-19; catalog.ourworldindata.org blocked by network policy, so uses the OWID GitHub mirror of the full COVID dataset (2026-10-04)"
PH-015,https://api.worldbank.org/v2/en/topic/8?downloadformat=csv,wdi_health_topic.zip,https,,,yes,Batch 2; CC BY 4.0; WDI health topic; acquired 2026-10-04 18:10Z
NLP-005,https://raw.githubusercontent.com/pubmedqa/pubmedqa/master/data/ori_pqal.json,pubmedqa_pqal.json,https,,,yes,"Batch 2; MIT; PQA-L 1,000 expert-labelled; file path inferred from the repo layout, so the run will confirm it"
