dataset_id,classical_ml_suitability,qml_suitability,task,n_samples,n_features,size_basis,target_qubits,label_structure,class_imbalance,reduction,recommended_encoding,recommended_qml_models,classical_baselines,trainability_notes
BIO-001,High: sequence benchmark; one-hot of 60 nucleotides,Medium: one-hot gives 240 binary features; needs k-mer counts or PCA to 8-10 qubits,3-class classification (EI/IE/N),3190,60,repository-reported,8,3-class,Not reported on page,k-mer (k=2/3) frequencies then PCA-8; or basis encoding of a window,Angle (RY) after PCA to target qubits; ZZ/IQP feature map for kernels,VQC (angle encoding + hardware-efficient ansatz); QSVM fidelity kernel (ZZ/IQP map); hybrid classical-head VQC,LogisticRegression; SVM-RBF; RandomForest; HistGradientBoosting,Shallow ansatz (2-3 layers) to limit barren plateaus; 4-8 qubits trains in seconds-minutes on CPU simulator
BIO-002,Low-Medium: only 106 samples,"Medium: tiny n; useful as a toy for basis/sequence encodings, not for claims",binary classification (promoter vs non),106,57,repository-reported,6,binary (+/-),Not reported on landing page,k-mer features + PCA-6,Angle (RY) after PCA to target qubits; ZZ/IQP feature map for kernels,VQC (angle encoding + hardware-efficient ansatz); QSVM fidelity kernel (ZZ/IQP map); hybrid classical-head VQC,LogisticRegression; SVM-RBF; RandomForest; HistGradientBoosting,Shallow ansatz (2-3 layers) to limit barren plateaus; 4-8 qubits trains in seconds-minutes on CPU simulator
BIO-003,"High: p >> n, classical models already near ceiling","Medium: requires aggressive in-fold reduction (variance filter -> PCA-8); amplitude encoding of 20,531 features needs 15 qubits but exponential state prep",5-class tumour type,801,20531,repository-reported,8,"5 classes (BRCA, KIRC, COAD, LUAD, PRAD)",Not reported on page,Variance filter + PCA-8 fitted in-fold; amplitude encoding only as a study of state-prep cost,Angle (RY) after PCA to target qubits; ZZ/IQP feature map for kernels,VQC (angle encoding + hardware-efficient ansatz); QSVM fidelity kernel (ZZ/IQP map); hybrid classical-head VQC,LogisticRegression; SVM-RBF; RandomForest; HistGradientBoosting,Shallow ansatz (2-3 layers) to limit barren plateaus; 4-8 qubits trains in seconds-minutes on CPU simulator
BIO-004,High for task-specific benchmarks; database resources need task definition first,Low-Medium: molecules/sequences need fingerprints or descriptors reduced to 8-12 features; no tabular view defined yet,property / interaction prediction,,,no fixed tabular view yet,,Varies per series,Varies per series,Morgan fingerprints or descriptors -> PCA/selection to 8-12; scaffold splits,Angle encoding of reduced features,Hybrid classical feature extractor + VQC head,RandomForest / GBM on fingerprints; GNN baselines,"Representative, stratified (and patient-grouped) subsample; reduction fitted on training folds only"
BIO-005,High for task-specific benchmarks; database resources need task definition first; access must be obtained first,Low-Medium: molecules/sequences need fingerprints or descriptors reduced to 8-12 features; no tabular view defined yet,property / interaction prediction,,,no fixed tabular view yet,,Varies,Not reported,Morgan fingerprints or descriptors -> PCA/selection to 8-12; scaffold splits,Angle encoding of reduced features,Hybrid classical feature extractor + VQC head,RandomForest / GBM on fingerprints; GNN baselines,"Representative, stratified (and patient-grouped) subsample; reduction fitted on training folds only"
BIO-006,High for task-specific benchmarks; database resources need task definition first,Low-Medium: molecules/sequences need fingerprints or descriptors reduced to 8-12 features; no tabular view defined yet,property / interaction prediction,,,no fixed tabular view yet,,N/A (reference database),N/A,Morgan fingerprints or descriptors -> PCA/selection to 8-12; scaffold splits,Angle encoding of reduced features,Hybrid classical feature extractor + VQC head,RandomForest / GBM on fingerprints; GNN baselines,"Representative, stratified (and patient-grouped) subsample; reduction fitted on training folds only"
BIO-007,High for task-specific benchmarks; database resources need task definition first,Low-Medium: molecules/sequences need fingerprints or descriptors reduced to 8-12 features; no tabular view defined yet,property / interaction prediction,,,no fixed tabular view yet,,N/A,N/A,Morgan fingerprints or descriptors -> PCA/selection to 8-12; scaffold splits,Angle encoding of reduced features,Hybrid classical feature extractor + VQC head,RandomForest / GBM on fingerprints; GNN baselines,"Representative, stratified (and patient-grouped) subsample; reduction fitted on training folds only"
BIO-008,High for task-specific benchmarks; database resources need task definition first,Low-Medium: molecules/sequences need fingerprints or descriptors reduced to 8-12 features; no tabular view defined yet,property / interaction prediction,,,no fixed tabular view yet,,N/A,N/A,Morgan fingerprints or descriptors -> PCA/selection to 8-12; scaffold splits,Angle encoding of reduced features,Hybrid classical feature extractor + VQC head,RandomForest / GBM on fingerprints; GNN baselines,"Representative, stratified (and patient-grouped) subsample; reduction fitted on training folds only"
BIO-009,High for task-specific benchmarks; database resources need task definition first,Low-Medium: molecules/sequences need fingerprints or descriptors reduced to 8-12 features; no tabular view defined yet,property / interaction prediction,,,no fixed tabular view yet,,Binding affinity measurements,N/A,Morgan fingerprints or descriptors -> PCA/selection to 8-12; scaffold splits,Angle encoding of reduced features,Hybrid classical feature extractor + VQC head,RandomForest / GBM on fingerprints; GNN baselines,"Representative, stratified (and patient-grouped) subsample; reduction fitted on training folds only"
BIO-010,High for task-specific benchmarks; database resources need task definition first,Low-Medium: molecules/sequences need fingerprints or descriptors reduced to 8-12 features; no tabular view defined yet,property / interaction prediction,,,no fixed tabular view yet,,Bioactivity values,N/A,Morgan fingerprints or descriptors -> PCA/selection to 8-12; scaffold splits,Angle encoding of reduced features,Hybrid classical feature extractor + VQC head,RandomForest / GBM on fingerprints; GNN baselines,"Representative, stratified (and patient-grouped) subsample; reduction fitted on training folds only"
BIO-011,High for task-specific benchmarks; database resources need task definition first; access must be obtained first,Low-Medium: molecules/sequences need fingerprints or descriptors reduced to 8-12 features; no tabular view defined yet,property / interaction prediction,,,no fixed tabular view yet,,N/A,"Approved 4,805; experimental 8,878; withdrawn 924; illicit 205; nutraceutical 135",Morgan fingerprints or descriptors -> PCA/selection to 8-12; scaffold splits,Angle encoding of reduced features,Hybrid classical feature extractor + VQC head,RandomForest / GBM on fingerprints; GNN baselines,"Representative, stratified (and patient-grouped) subsample; reduction fitted on training folds only"
BIO-012,High for task-specific benchmarks; database resources need task definition first,Low-Medium: molecules/sequences need fingerprints or descriptors reduced to 8-12 features; no tabular view defined yet,property / interaction prediction,,,no fixed tabular view yet,,Per dataset (binary toxicity/activity labels or regression),Not reported,Morgan fingerprints or descriptors -> PCA/selection to 8-12; scaffold splits,Angle encoding of reduced features,Hybrid classical feature extractor + VQC head,RandomForest / GBM on fingerprints; GNN baselines,"Representative, stratified (and patient-grouped) subsample; reduction fitted on training folds only"
BIO-013,High for task-specific benchmarks; database resources need task definition first,Low-Medium: molecules/sequences need fingerprints or descriptors reduced to 8-12 features; no tabular view defined yet,property / interaction prediction,,,no fixed tabular view yet,,"Quantum properties (e.g., atomization energies, HOMO/LUMO, dipole moment, polarizability)",N/A,Morgan fingerprints or descriptors -> PCA/selection to 8-12; scaffold splits,Angle encoding of reduced features,Hybrid classical feature extractor + VQC head,RandomForest / GBM on fingerprints; GNN baselines,"Representative, stratified (and patient-grouped) subsample; reduction fitted on training folds only"
BIO-014,High for task-specific benchmarks; database resources need task definition first,Low-Medium: molecules/sequences need fingerprints or descriptors reduced to 8-12 features; no tabular view defined yet,property / interaction prediction,,,no fixed tabular view yet,,Per task,N/A,Morgan fingerprints or descriptors -> PCA/selection to 8-12; scaffold splits,Angle encoding of reduced features,Hybrid classical feature extractor + VQC head,RandomForest / GBM on fingerprints; GNN baselines,"Representative, stratified (and patient-grouped) subsample; reduction fitted on training folds only"
BIO-015,High for task-specific benchmarks; database resources need task definition first,Low-Medium: molecules/sequences need fingerprints or descriptors reduced to 8-12 features; no tabular view defined yet,property / interaction prediction,,,no fixed tabular view yet,,N/A,N/A,Morgan fingerprints or descriptors -> PCA/selection to 8-12; scaffold splits,Angle encoding of reduced features,Hybrid classical feature extractor + VQC head,RandomForest / GBM on fingerprints; GNN baselines,"Representative, stratified (and patient-grouped) subsample; reduction fitted on training folds only"
BIO-016,High for task-specific benchmarks; database resources need task definition first,Low-Medium: molecules/sequences need fingerprints or descriptors reduced to 8-12 features; no tabular view defined yet,property / interaction prediction,,,no fixed tabular view yet,,N/A,N/A,Morgan fingerprints or descriptors -> PCA/selection to 8-12; scaffold splits,Angle encoding of reduced features,Hybrid classical feature extractor + VQC head,RandomForest / GBM on fingerprints; GNN baselines,"Representative, stratified (and patient-grouped) subsample; reduction fitted on training folds only"
BIO-017,High for task-specific benchmarks; database resources need task definition first,Low-Medium: molecules/sequences need fingerprints or descriptors reduced to 8-12 features; no tabular view defined yet,property / interaction prediction,,,no fixed tabular view yet,,N/A,N/A,Morgan fingerprints or descriptors -> PCA/selection to 8-12; scaffold splits,Angle encoding of reduced features,Hybrid classical feature extractor + VQC head,RandomForest / GBM on fingerprints; GNN baselines,"Representative, stratified (and patient-grouped) subsample; reduction fitted on training folds only"
BIO-018,High for task-specific benchmarks; database resources need task definition first; access must be obtained first,Low-Medium: molecules/sequences need fingerprints or descriptors reduced to 8-12 features; no tabular view defined yet,property / interaction prediction,,,no fixed tabular view yet,,N/A,N/A,Morgan fingerprints or descriptors -> PCA/selection to 8-12; scaffold splits,Angle encoding of reduced features,Hybrid classical feature extractor + VQC head,RandomForest / GBM on fingerprints; GNN baselines,"Representative, stratified (and patient-grouped) subsample; reduction fitted on training folds only"
BIO-019,High for task-specific benchmarks; database resources need task definition first,Low-Medium: molecules/sequences need fingerprints or descriptors reduced to 8-12 features; no tabular view defined yet,property / interaction prediction,,,no fixed tabular view yet,,DAVIS: binding affinity (page suggests log-transform to pKd etc.); KIBA: KIBA score,N/A (regression),Morgan fingerprints or descriptors -> PCA/selection to 8-12; scaffold splits,Angle encoding of reduced features,Hybrid classical feature extractor + VQC head,RandomForest / GBM on fingerprints; GNN baselines,"Representative, stratified (and patient-grouped) subsample; reduction fitted on training folds only"
BIO-020,High for task-specific benchmarks; database resources need task definition first,Low-Medium: molecules/sequences need fingerprints or descriptors reduced to 8-12 features; no tabular view defined yet,property / interaction prediction,,,no fixed tabular view yet,,12 binary assay outcomes,Not reported,Morgan fingerprints or descriptors -> PCA/selection to 8-12; scaffold splits,Angle encoding of reduced features,Hybrid classical feature extractor + VQC head,RandomForest / GBM on fingerprints; GNN baselines,"Representative, stratified (and patient-grouped) subsample; reduction fitted on training folds only"
CLN-001,"High: classic small benchmark; Cleveland subset only, missing values in ca/thal","High: 13 features fit 8 qubits after PCA/selection; very small n -> wide CIs, use repeated CV",binary classification (num>0 vs 0),303,13,repository-reported,8,5-level 'num' collapsed to binary by convention,Not reported on page; check after download,"Clinically guided selection (age, sex, cp, thalach, oldpeak, ca, thal, exang) or PCA-8 fitted in-fold",Angle (RY) after PCA to target qubits; ZZ/IQP feature map for kernels,VQC (angle encoding + hardware-efficient ansatz); QSVM fidelity kernel (ZZ/IQP map); hybrid classical-head VQC,LogisticRegression; SVM-RBF; RandomForest; HistGradientBoosting,Shallow ansatz (2-3 layers) to limit barren plateaus; 4-8 qubits trains in seconds-minutes on CPU simulator
CLN-002,"High: small, well studied. Assessment: OpenML reports 0 missing values, but physiologically impossible zeros (e.g. glucose, BMI) likely encode missingness; inspect before imputing",High: 8 features map 1:1 to 8 qubits without reduction,binary classification,768,8,repository-reported,8,binary (tested_positive/negative),500/268 (OpenML-reported),None needed (8 features); decide in-fold how to treat implausible zeros,Angle (RY) after PCA to target qubits; ZZ/IQP feature map for kernels,VQC (angle encoding + hardware-efficient ansatz); QSVM fidelity kernel (ZZ/IQP map); hybrid classical-head VQC,LogisticRegression; SVM-RBF; RandomForest; HistGradientBoosting,Shallow ansatz (2-3 layers) to limit barren plateaus; 4-8 qubits trains in seconds-minutes on CPU simulator
CLN-003,"High: realistic EHR extract with many categorical codes. Assessment: multiple encounters per patient are possible, so split by patient identifier",Medium: needs stratified representative subsample (e.g. 2-5k) and heavy reduction; QSVM kernel cost O(n^2),"binary/3-class readmission (<30, >30, NO)",101766,47,repository-reported; QML uses stratified subsample,8,readmission (<30 days vs other) per source description,Not reported on page; measure after download,"One-hot/target-encode in-fold, PCA or mutual-information selection to 8; GroupKFold on patient_nbr",Angle (RY) after PCA to target qubits; ZZ/IQP feature map for kernels,VQC (angle encoding + hardware-efficient ansatz); QSVM fidelity kernel (ZZ/IQP map); hybrid classical-head VQC,LogisticRegression; SVM-RBF; RandomForest; HistGradientBoosting,Shallow ansatz (2-3 layers) to limit barren plateaus; 4-8 qubits trains in seconds-minutes on CPU simulator
CLN-004,High: large survey-derived tabular set,Medium: subsample required; 21 mostly binary/ordinal features suit basis or angle encoding,binary/3-class diabetes status,253680,21,repository-reported; QML uses stratified subsample,10,3-class diabetes / pre-diabetes / healthy,Not reported on page; measure after download,Selection to 8-12 features; stratified subsample 2-5k for QML,Angle (RY) after PCA to target qubits; ZZ/IQP feature map for kernels,VQC (angle encoding + hardware-efficient ansatz); QSVM fidelity kernel (ZZ/IQP map); hybrid classical-head VQC,LogisticRegression; SVM-RBF; RandomForest; HistGradientBoosting,Shallow ansatz (2-3 layers) to limit barren plateaus; 4-8 qubits trains in seconds-minutes on CPU simulator
CLN-005,Medium: small questionnaire data; mostly binary symptoms; risk of optimistic estimates,High: binary features suit basis encoding (16 qubits) or angle after selection to 8,binary classification,520,16,repository-reported,8,Positive/Negative,Not reported on page,"Basis encoding of binary symptoms, or select 8",Angle (RY) after PCA to target qubits; ZZ/IQP feature map for kernels,VQC (angle encoding + hardware-efficient ansatz); QSVM fidelity kernel (ZZ/IQP map); hybrid classical-head VQC,LogisticRegression; SVM-RBF; RandomForest; HistGradientBoosting,Shallow ansatz (2-3 layers) to limit barren plateaus; 4-8 qubits trains in seconds-minutes on CPU simulator
CLN-006,Medium: small; source documents missing values,High after imputation and reduction to 8,binary classification (ckd/notckd),400,24,repository-reported,8,binary,Not reported on page,In-fold imputation; PCA-8,Angle (RY) after PCA to target qubits; ZZ/IQP feature map for kernels,VQC (angle encoding + hardware-efficient ansatz); QSVM fidelity kernel (ZZ/IQP map); hybrid classical-head VQC,LogisticRegression; SVM-RBF; RandomForest; HistGradientBoosting,Shallow ansatz (2-3 layers) to limit barren plateaus; 4-8 qubits trains in seconds-minutes on CPU simulator
CLN-007,Medium: small. Assessment: check label provenance and sex balance before use,High: 10 features -> 8 qubits,binary classification,583,10,repository-reported,8,liver patient vs not,Not reported on page,PCA-8 or drop one redundant bilirubin feature,Angle (RY) after PCA to target qubits; ZZ/IQP feature map for kernels,VQC (angle encoding + hardware-efficient ansatz); QSVM fidelity kernel (ZZ/IQP map); hybrid classical-head VQC,LogisticRegression; SVM-RBF; RandomForest; HistGradientBoosting,Shallow ansatz (2-3 layers) to limit barren plateaus; 4-8 qubits trains in seconds-minutes on CPU simulator
CLN-008,Medium: small with rare classes,Medium: multi-class readout needs more qubits/measurements; consider binary donor vs disease,multi-class (blood donor vs hepatitis/fibrosis/cirrhosis),615,12,repository-reported,8,5 categories incl. suspect donor,Not reported on page; measure after download,PCA-8; binary reformulation for first QML runs,Angle (RY) after PCA to target qubits; ZZ/IQP feature map for kernels,VQC (angle encoding + hardware-efficient ansatz); QSVM fidelity kernel (ZZ/IQP map); hybrid classical-head VQC,LogisticRegression; SVM-RBF; RandomForest; HistGradientBoosting,Shallow ansatz (2-3 layers) to limit barren plateaus; 4-8 qubits trains in seconds-minutes on CPU simulator
CLN-009,"High: clean, no missing values (measured), strong classical baselines",High: canonical QML benchmark; PCA-4..8 retains most variance; run completed on simulator (see experiments/results),binary classification (malignant vs benign),569,30,measured on acquired copy,4,binary,212 malignant / 357 benign (measured on scikit-learn copy),PCA fitted in-fold to 4-8 components,Angle (RY) after PCA to target qubits; ZZ/IQP feature map for kernels,VQC (angle encoding + hardware-efficient ansatz); QSVM fidelity kernel (ZZ/IQP map); hybrid classical-head VQC,LogisticRegression; SVM-RBF; RandomForest; HistGradientBoosting,Shallow ansatz (2-3 layers) to limit barren plateaus; 4-8 qubits trains in seconds-minutes on CPU simulator
CLN-010,Medium: very small; time variable can leak outcome (follow-up time) -> exclude 'time' for prediction,High: 11-12 features -> 8 qubits,binary classification (death event),299,12,repository-reported,8,binary,Not reported on page,Exclude follow-up 'time' (leakage); PCA/selection to 8,Angle (RY) after PCA to target qubits; ZZ/IQP feature map for kernels,VQC (angle encoding + hardware-efficient ansatz); QSVM fidelity kernel (ZZ/IQP map); hybrid classical-head VQC,LogisticRegression; SVM-RBF; RandomForest; HistGradientBoosting,Shallow ansatz (2-3 layers) to limit barren plateaus; 4-8 qubits trains in seconds-minutes on CPU simulator
CLN-011,Medium: source notes patients declined some questions (missing values),Low-Medium: missingness plus likely rare positives make small-sample QML unstable (assessment),binary classification (biopsy etc.),858,36,repository-reported,8,"4 candidate targets (Hinselmann, Schiller, Cytology, Biopsy)",Not reported on page; measure after download,"Drop near-empty columns in-fold, PCA-8; use PR-AUC",Angle (RY) after PCA to target qubits; ZZ/IQP feature map for kernels,VQC (angle encoding + hardware-efficient ansatz); QSVM fidelity kernel (ZZ/IQP map); hybrid classical-head VQC,LogisticRegression; SVM-RBF; RandomForest; HistGradientBoosting,Shallow ansatz (2-3 layers) to limit barren plateaus; 4-8 qubits trains in seconds-minutes on CPU simulator
CLN-012,High where access is granted; multi-table EHR needs cohort definition and patient-level splits; access must be obtained first,Medium: only after cohort extraction into a compact tabular view with representative sampling,risk prediction (task defined by cohort),,,no fixed tabular view yet,,None (multi-purpose),Not applicable,"Cohort extraction, feature engineering, selection to 8-12 features",Angle encoding of reduced features,VQC (angle encoding + hardware-efficient ansatz); QSVM fidelity kernel (ZZ/IQP map); hybrid classical-head VQC,Logistic regression; gradient boosting,"Representative, stratified (and patient-grouped) subsample; reduction fitted on training folds only"
CLN-013,High where access is granted; multi-table EHR needs cohort definition and patient-level splits,Medium: only after cohort extraction into a compact tabular view with representative sampling,risk prediction (task defined by cohort),,,no fixed tabular view yet,,None,Not applicable,"Cohort extraction, feature engineering, selection to 8-12 features",Angle encoding of reduced features,VQC (angle encoding + hardware-efficient ansatz); QSVM fidelity kernel (ZZ/IQP map); hybrid classical-head VQC,Logistic regression; gradient boosting,"Representative, stratified (and patient-grouped) subsample; reduction fitted on training folds only"
CLN-014,High where access is granted; multi-table EHR needs cohort definition and patient-level splits; access must be obtained first,Medium: only after cohort extraction into a compact tabular view with representative sampling,risk prediction (task defined by cohort),,,no fixed tabular view yet,,None,Not applicable,"Cohort extraction, feature engineering, selection to 8-12 features",Angle encoding of reduced features,VQC (angle encoding + hardware-efficient ansatz); QSVM fidelity kernel (ZZ/IQP map); hybrid classical-head VQC,Logistic regression; gradient boosting,"Representative, stratified (and patient-grouped) subsample; reduction fitted on training folds only"
CLN-015,High where access is granted; multi-table EHR needs cohort definition and patient-level splits,Medium: only after cohort extraction into a compact tabular view with representative sampling,risk prediction (task defined by cohort),,,no fixed tabular view yet,,None,Not applicable,"Cohort extraction, feature engineering, selection to 8-12 features",Angle encoding of reduced features,VQC (angle encoding + hardware-efficient ansatz); QSVM fidelity kernel (ZZ/IQP map); hybrid classical-head VQC,Logistic regression; gradient boosting,"Representative, stratified (and patient-grouped) subsample; reduction fitted on training folds only"
CLN-016,High where access is granted; multi-table EHR needs cohort definition and patient-level splits; access must be obtained first,Medium: only after cohort extraction into a compact tabular view with representative sampling,risk prediction (task defined by cohort),,,no fixed tabular view yet,,None (multi-purpose; vital status follow-up available),Not applicable,"Cohort extraction, feature engineering, selection to 8-12 features",Angle encoding of reduced features,VQC (angle encoding + hardware-efficient ansatz); QSVM fidelity kernel (ZZ/IQP map); hybrid classical-head VQC,Logistic regression; gradient boosting,"Representative, stratified (and patient-grouped) subsample; reduction fitted on training folds only"
CLN-017,High: standard regression benchmark,Medium: QML regression (VQR) feasible with 10->8 qubits; fewer QML regression baselines,regression (disease progression at 1 year),442,10,repository-reported,8,continuous,n/a (regression),Use all 10 or PCA-8,Angle (RY) after PCA to target qubits; ZZ/IQP feature map for kernels,VQC (angle encoding + hardware-efficient ansatz); QSVM fidelity kernel (ZZ/IQP map); hybrid classical-head VQC,LogisticRegression; SVM-RBF; RandomForest; HistGradientBoosting,Shallow ansatz (2-3 layers) to limit barren plateaus; 4-8 qubits trains in seconds-minutes on CPU simulator
CLN-018,High where access is granted; multi-table EHR needs cohort definition and patient-level splits,Medium: only after cohort extraction into a compact tabular view with representative sampling,risk prediction (task defined by cohort),,,no fixed tabular view yet,,None (multi-purpose),Not reported,"Cohort extraction, feature engineering, selection to 8-12 features",Angle encoding of reduced features,VQC (angle encoding + hardware-efficient ansatz); QSVM fidelity kernel (ZZ/IQP map); hybrid classical-head VQC,Logistic regression; gradient boosting,"Representative, stratified (and patient-grouped) subsample; reduction fitted on training folds only"
CLN-019,High where access is granted; multi-table EHR needs cohort definition and patient-level splits; access must be obtained first,Medium: only after cohort extraction into a compact tabular view with representative sampling,risk prediction (task defined by cohort),,,no fixed tabular view yet,,Stroke event,Not reported,"Cohort extraction, feature engineering, selection to 8-12 features",Angle encoding of reduced features,VQC (angle encoding + hardware-efficient ansatz); QSVM fidelity kernel (ZZ/IQP map); hybrid classical-head VQC,Logistic regression; gradient boosting,"Representative, stratified (and patient-grouped) subsample; reduction fitted on training folds only"
CLN-020,High where access is granted; multi-table EHR needs cohort definition and patient-level splits; access must be obtained first,Medium: only after cohort extraction into a compact tabular view with representative sampling,risk prediction (task defined by cohort),,,no fixed tabular view yet,,None (multi-purpose; event follow-up),Not applicable,"Cohort extraction, feature engineering, selection to 8-12 features",Angle encoding of reduced features,VQC (angle encoding + hardware-efficient ansatz); QSVM fidelity kernel (ZZ/IQP map); hybrid classical-head VQC,Logistic regression; gradient boosting,"Representative, stratified (and patient-grouped) subsample; reduction fitted on training folds only"
CLN-021,High where access is granted; multi-table EHR needs cohort definition and patient-level splits; access must be obtained first,Medium: only after cohort extraction into a compact tabular view with representative sampling,risk prediction (task defined by cohort),,,no fixed tabular view yet,,None,Not reported,"Cohort extraction, feature engineering, selection to 8-12 features",Angle encoding of reduced features,VQC (angle encoding + hardware-efficient ansatz); QSVM fidelity kernel (ZZ/IQP map); hybrid classical-head VQC,Logistic regression; gradient boosting,"Representative, stratified (and patient-grouped) subsample; reduction fitted on training folds only"
IMG-001,High for CNN/ViT baselines when labels exist; split by patient/study; access must be obtained first,"Low directly (images far exceed qubit budgets). Hybrid only: pretrained CNN embedding -> PCA-8 -> VQC head, or MedMNIST 28x28 -> PCA",image classification/segmentation,,,no fixed tabular view yet,,"Voxel labels: 1 necrotic core, 2 peritumoral edema, 4 enhancing tumor, 0 other; MGMT methylation status",Not reported,"Pretrained CNN features or downsampling, then PCA to 8 qubits fitted in-fold",Angle encoding of reduced features,Hybrid classical feature extractor + VQC head,Logistic regression on CNN embeddings; ResNet/DenseNet/U-Net fine-tuning,"Representative, stratified (and patient-grouped) subsample; reduction fitted on training folds only"
IMG-002,High for CNN/ViT baselines when labels exist; split by patient/study; access must be obtained first,"Low directly (images far exceed qubit budgets). Hybrid only: pretrained CNN embedding -> PCA-8 -> VQC head, or MedMNIST 28x28 -> PCA",image classification/segmentation,,,no fixed tabular view yet,,"4 classes: glioma, meningioma, pituitary tumor, no tumor","Train 1,400 per class; Test 400 per class (balanced)","Pretrained CNN features or downsampling, then PCA to 8 qubits fitted in-fold",Angle encoding of reduced features,Hybrid classical feature extractor + VQC head,Logistic regression on CNN embeddings; ResNet/DenseNet/U-Net fine-tuning,"Representative, stratified (and patient-grouped) subsample; reduction fitted on training folds only"
IMG-003,High for CNN/ViT baselines when labels exist; split by patient/study,"Low directly (images far exceed qubit budgets). Hybrid only: pretrained CNN embedding -> PCA-8 -> VQC head, or MedMNIST 28x28 -> PCA",image classification/segmentation,,,no fixed tabular view yet,,Not reported,Not reported,"Pretrained CNN features or downsampling, then PCA to 8 qubits fitted in-fold",Angle encoding of reduced features,Hybrid classical feature extractor + VQC head,Logistic regression on CNN embeddings; ResNet/DenseNet/U-Net fine-tuning,"Representative, stratified (and patient-grouped) subsample; reduction fitted on training folds only"
IMG-004,High for CNN/ViT baselines when labels exist; split by patient/study,"Low directly (images far exceed qubit budgets). Hybrid only: pretrained CNN embedding -> PCA-8 -> VQC head, or MedMNIST 28x28 -> PCA",image classification/segmentation,,,no fixed tabular view yet,,Not reported,Not reported,"Pretrained CNN features or downsampling, then PCA to 8 qubits fitted in-fold",Angle encoding of reduced features,Hybrid classical feature extractor + VQC head,Logistic regression on CNN embeddings; ResNet/DenseNet/U-Net fine-tuning,"Representative, stratified (and patient-grouped) subsample; reduction fitted on training folds only"
IMG-005,High for CNN/ViT baselines when labels exist; split by patient/study,"Low directly (images far exceed qubit budgets). Hybrid only: pretrained CNN embedding -> PCA-8 -> VQC head, or MedMNIST 28x28 -> PCA",image classification/segmentation,,,no fixed tabular view yet,,Not reported,Not reported,"Pretrained CNN features or downsampling, then PCA to 8 qubits fitted in-fold",Angle encoding of reduced features,Hybrid classical feature extractor + VQC head,Logistic regression on CNN embeddings; ResNet/DenseNet/U-Net fine-tuning,"Representative, stratified (and patient-grouped) subsample; reduction fitted on training folds only"
IMG-006,High for CNN/ViT baselines when labels exist; split by patient/study,"Low directly (images far exceed qubit budgets). Hybrid only: pretrained CNN embedding -> PCA-8 -> VQC head, or MedMNIST 28x28 -> PCA",image classification/segmentation,,,no fixed tabular view yet,,2 categories: Pneumonia / Normal,Not reported (mirror metadata gives no per-class counts),"Pretrained CNN features or downsampling, then PCA to 8 qubits fitted in-fold",Angle encoding of reduced features,Hybrid classical feature extractor + VQC head,Logistic regression on CNN embeddings; ResNet/DenseNet/U-Net fine-tuning,"Representative, stratified (and patient-grouped) subsample; reduction fitted on training folds only"
IMG-007,High for CNN/ViT baselines when labels exist; split by patient/study,"Low directly (images far exceed qubit budgets). Hybrid only: pretrained CNN embedding -> PCA-8 -> VQC head, or MedMNIST 28x28 -> PCA",image classification/segmentation,,,no fixed tabular view yet,,Text-mined disease labels (8 in ChestX-ray8 paper; 14-label version count not confirmed in fetched pages),Not reported,"Pretrained CNN features or downsampling, then PCA to 8 qubits fitted in-fold",Angle encoding of reduced features,Hybrid classical feature extractor + VQC head,Logistic regression on CNN embeddings; ResNet/DenseNet/U-Net fine-tuning,"Representative, stratified (and patient-grouped) subsample; reduction fitted on training folds only"
IMG-008,High for CNN/ViT baselines when labels exist; split by patient/study; access must be obtained first,"Low directly (images far exceed qubit budgets). Hybrid only: pretrained CNN embedding -> PCA-8 -> VQC head, or MedMNIST 28x28 -> PCA",image classification/segmentation,,,no fixed tabular view yet,,"14 observations labeled positive/negative/uncertain; competition on 5 (atelectasis, cardiomegaly, consolidation, edema, ",Not reported,"Pretrained CNN features or downsampling, then PCA to 8 qubits fitted in-fold",Angle encoding of reduced features,Hybrid classical feature extractor + VQC head,Logistic regression on CNN embeddings; ResNet/DenseNet/U-Net fine-tuning,"Representative, stratified (and patient-grouped) subsample; reduction fitted on training folds only"
IMG-009,High for CNN/ViT baselines when labels exist; split by patient/study; access must be obtained first,"Low directly (images far exceed qubit budgets). Hybrid only: pretrained CNN embedding -> PCA-8 -> VQC head, or MedMNIST 28x28 -> PCA",image classification/segmentation,,,no fixed tabular view yet,,Free-text radiology reports (structured labels in MIMIC-CXR-JPG),Not reported,"Pretrained CNN features or downsampling, then PCA to 8 qubits fitted in-fold",Angle encoding of reduced features,Hybrid classical feature extractor + VQC head,Logistic regression on CNN embeddings; ResNet/DenseNet/U-Net fine-tuning,"Representative, stratified (and patient-grouped) subsample; reduction fitted on training folds only"
IMG-010,High for CNN/ViT baselines when labels exist; split by patient/study; access must be obtained first,"Low directly (images far exceed qubit budgets). Hybrid only: pretrained CNN embedding -> PCA-8 -> VQC head, or MedMNIST 28x28 -> PCA",image classification/segmentation,,,no fixed tabular view yet,,Not reported,755 cognitively normal; 622 cognitive decline,"Pretrained CNN features or downsampling, then PCA to 8 qubits fitted in-fold",Angle encoding of reduced features,Hybrid classical feature extractor + VQC head,Logistic regression on CNN embeddings; ResNet/DenseNet/U-Net fine-tuning,"Representative, stratified (and patient-grouped) subsample; reduction fitted on training folds only"
IMG-011,High for CNN/ViT baselines when labels exist; split by patient/study; access must be obtained first,"Low directly (images far exceed qubit budgets). Hybrid only: pretrained CNN embedding -> PCA-8 -> VQC head, or MedMNIST 28x28 -> PCA",image classification/segmentation,,,no fixed tabular view yet,,Not reported,Not reported,"Pretrained CNN features or downsampling, then PCA to 8 qubits fitted in-fold",Angle encoding of reduced features,Hybrid classical feature extractor + VQC head,Logistic regression on CNN embeddings; ResNet/DenseNet/U-Net fine-tuning,"Representative, stratified (and patient-grouped) subsample; reduction fitted on training folds only"
IMG-012,High for CNN/ViT baselines when labels exist; split by patient/study,"Low directly (images far exceed qubit budgets). Hybrid only: pretrained CNN embedding -> PCA-8 -> VQC head, or MedMNIST 28x28 -> PCA",image classification/segmentation,,,no fixed tabular view yet,,Pathologic diagnosis; BI-RADS,Not reported,"Pretrained CNN features or downsampling, then PCA to 8 qubits fitted in-fold",Angle encoding of reduced features,Hybrid classical feature extractor + VQC head,Logistic regression on CNN embeddings; ResNet/DenseNet/U-Net fine-tuning,"Representative, stratified (and patient-grouped) subsample; reduction fitted on training folds only"
IMG-013,High for CNN/ViT baselines when labels exist; split by patient/study; access must be obtained first,"Low directly (images far exceed qubit budgets). Hybrid only: pretrained CNN embedding -> PCA-8 -> VQC head, or MedMNIST 28x28 -> PCA",image classification/segmentation,,,no fixed tabular view yet,,BI-RADS 1-5; breast density A-D; finding categories,"Train 4,000 exams / test 1,000 exams, stratified by BI-RADS, density and abnormality","Pretrained CNN features or downsampling, then PCA to 8 qubits fitted in-fold",Angle encoding of reduced features,Hybrid classical feature extractor + VQC head,Logistic regression on CNN embeddings; ResNet/DenseNet/U-Net fine-tuning,"Representative, stratified (and patient-grouped) subsample; reduction fitted on training folds only"
IMG-014,High for CNN/ViT baselines when labels exist; split by patient/study,"Low directly (images far exceed qubit budgets). Hybrid only: pretrained CNN embedding -> PCA-8 -> VQC head, or MedMNIST 28x28 -> PCA",image classification/segmentation,,,no fixed tabular view yet,,"7 categories: akiec, bcc, bkl, df, nv, mel, vasc",Not reported (per-class counts not extracted),"Pretrained CNN features or downsampling, then PCA to 8 qubits fitted in-fold",Angle encoding of reduced features,Hybrid classical feature extractor + VQC head,Logistic regression on CNN embeddings; ResNet/DenseNet/U-Net fine-tuning,"Representative, stratified (and patient-grouped) subsample; reduction fitted on training folds only"
IMG-015,High for CNN/ViT baselines when labels exist; split by patient/study,"Low directly (images far exceed qubit budgets). Hybrid only: pretrained CNN embedding -> PCA-8 -> VQC head, or MedMNIST 28x28 -> PCA",image classification/segmentation,,,no fixed tabular view yet,,"2019: MEL, NV, BCC, AK, BKL, DF, VASC, SCC; 2020: melanoma vs non-melanoma",Not reported,"Pretrained CNN features or downsampling, then PCA to 8 qubits fitted in-fold",Angle encoding of reduced features,Hybrid classical feature extractor + VQC head,Logistic regression on CNN embeddings; ResNet/DenseNet/U-Net fine-tuning,"Representative, stratified (and patient-grouped) subsample; reduction fitted on training folds only"
IMG-016,High for CNN/ViT baselines when labels exist; split by patient/study,"Low directly (images far exceed qubit budgets). Hybrid only: pretrained CNN embedding -> PCA-8 -> VQC head, or MedMNIST 28x28 -> PCA",image classification/segmentation,,,no fixed tabular view yet,,Binary: tumor in center 32x32 px region,"50/50 positive/negative in each split; train 262,144 / val 32,768 / test 32,768","Pretrained CNN features or downsampling, then PCA to 8 qubits fitted in-fold",Angle encoding of reduced features,Hybrid classical feature extractor + VQC head,Logistic regression on CNN embeddings; ResNet/DenseNet/U-Net fine-tuning,"Representative, stratified (and patient-grouped) subsample; reduction fitted on training folds only"
IMG-017,High for CNN/ViT baselines when labels exist; split by patient/study; access must be obtained first,"Low directly (images far exceed qubit budgets). Hybrid only: pretrained CNN embedding -> PCA-8 -> VQC head, or MedMNIST 28x28 -> PCA",image classification/segmentation,,,no fixed tabular view yet,,Not reported,Not reported,"Pretrained CNN features or downsampling, then PCA to 8 qubits fitted in-fold",Angle encoding of reduced features,Hybrid classical feature extractor + VQC head,Logistic regression on CNN embeddings; ResNet/DenseNet/U-Net fine-tuning,"Representative, stratified (and patient-grouped) subsample; reduction fitted on training folds only"
IMG-018,High for CNN/ViT baselines when labels exist; split by patient/study,"Low directly (images far exceed qubit budgets). Hybrid only: pretrained CNN embedding -> PCA-8 -> VQC head, or MedMNIST 28x28 -> PCA",image classification/segmentation,,,no fixed tabular view yet,,"Binary/multi-class, ordinal regression, multi-label",Not reported,"Pretrained CNN features or downsampling, then PCA to 8 qubits fitted in-fold",Angle encoding of reduced features,Hybrid classical feature extractor + VQC head,Logistic regression on CNN embeddings; ResNet/DenseNet/U-Net fine-tuning,"Representative, stratified (and patient-grouped) subsample; reduction fitted on training folds only"
IMG-019,High for CNN/ViT baselines when labels exist; split by patient/study; access must be obtained first,"Low directly (images far exceed qubit budgets). Hybrid only: pretrained CNN embedding -> PCA-8 -> VQC head, or MedMNIST 28x28 -> PCA",image classification/segmentation,,,no fixed tabular view yet,,Not verified,Not reported,"Pretrained CNN features or downsampling, then PCA to 8 qubits fitted in-fold",Angle encoding of reduced features,Hybrid classical feature extractor + VQC head,Logistic regression on CNN embeddings; ResNet/DenseNet/U-Net fine-tuning,"Representative, stratified (and patient-grouped) subsample; reduction fitted on training folds only"
IMG-020,High for CNN/ViT baselines when labels exist; split by patient/study; access must be obtained first,"Low directly (images far exceed qubit budgets). Hybrid only: pretrained CNN embedding -> PCA-8 -> VQC head, or MedMNIST 28x28 -> PCA",image classification/segmentation,,,no fixed tabular view yet,,DR grade 0-4; DME grade 0-2; lesion masks; OD/fovea coordinates,Not reported,"Pretrained CNN features or downsampling, then PCA to 8 qubits fitted in-fold",Angle encoding of reduced features,Hybrid classical feature extractor + VQC head,Logistic regression on CNN embeddings; ResNet/DenseNet/U-Net fine-tuning,"Representative, stratified (and patient-grouped) subsample; reduction fitted on training folds only"
NLP-001,High for transformer NLP; terminology resources are features/ontologies not labelled datasets,Low: text requires embeddings first; only hybrid embedding -> PCA -> VQC head as an exploratory study,NER / QA / classification,,,no fixed tabular view yet,,Not reported,Not reported,Sentence embeddings (e.g. biomedical BERT) -> PCA-8 fitted in-fold,Angle encoding of reduced features,Hybrid classical feature extractor + VQC head,TF-IDF + logistic regression; fine-tuned biomedical transformers,"Representative, stratified (and patient-grouped) subsample; reduction fitted on training folds only"
NLP-002,High for transformer NLP; terminology resources are features/ontologies not labelled datasets,Low: text requires embeddings first; only hybrid embedding -> PCA -> VQC head as an exploratory study,NER / QA / classification,,,no fixed tabular view yet,,Not reported,Not reported,Sentence embeddings (e.g. biomedical BERT) -> PCA-8 fitted in-fold,Angle encoding of reduced features,Hybrid classical feature extractor + VQC head,TF-IDF + logistic regression; fine-tuned biomedical transformers,"Representative, stratified (and patient-grouped) subsample; reduction fitted on training folds only"
NLP-003,High for transformer NLP; terminology resources are features/ontologies not labelled datasets; access must be obtained first,Low: text requires embeddings first; only hybrid embedding -> PCA -> VQC head as an exploratory study,NER / QA / classification,,,no fixed tabular view yet,,Not reported,Not reported,Sentence embeddings (e.g. biomedical BERT) -> PCA-8 fitted in-fold,Angle encoding of reduced features,Hybrid classical feature extractor + VQC head,TF-IDF + logistic regression; fine-tuned biomedical transformers,"Representative, stratified (and patient-grouped) subsample; reduction fitted on training folds only"
NLP-004,High for transformer NLP; terminology resources are features/ontologies not labelled datasets,Low: text requires embeddings first; only hybrid embedding -> PCA -> VQC head as an exploratory study,NER / QA / classification,,,no fixed tabular view yet,,Not reported,Not reported,Sentence embeddings (e.g. biomedical BERT) -> PCA-8 fitted in-fold,Angle encoding of reduced features,Hybrid classical feature extractor + VQC head,TF-IDF + logistic regression; fine-tuned biomedical transformers,"Representative, stratified (and patient-grouped) subsample; reduction fitted on training folds only"
NLP-005,High for transformer NLP; terminology resources are features/ontologies not labelled datasets,Low: text requires embeddings first; only hybrid embedding -> PCA -> VQC head as an exploratory study,NER / QA / classification,,,no fixed tabular view yet,,final_decision (yes/no/maybe) + long_answer,Not reported,Sentence embeddings (e.g. biomedical BERT) -> PCA-8 fitted in-fold,Angle encoding of reduced features,Hybrid classical feature extractor + VQC head,TF-IDF + logistic regression; fine-tuned biomedical transformers,"Representative, stratified (and patient-grouped) subsample; reduction fitted on training folds only"
NLP-006,High for transformer NLP; terminology resources are features/ontologies not labelled datasets,Low: text requires embeddings first; only hybrid embedding -> PCA -> VQC head as an exploratory study,NER / QA / classification,,,no fixed tabular view yet,,"cop (correct option, 4 classes)",Not reported,Sentence embeddings (e.g. biomedical BERT) -> PCA-8 fitted in-fold,Angle encoding of reduced features,Hybrid classical feature extractor + VQC head,TF-IDF + logistic regression; fine-tuned biomedical transformers,"Representative, stratified (and patient-grouped) subsample; reduction fitted on training folds only"
NLP-007,High for transformer NLP; terminology resources are features/ontologies not labelled datasets; access must be obtained first,Low: text requires embeddings first; only hybrid embedding -> PCA -> VQC head as an exploratory study,NER / QA / classification,,,no fixed tabular view yet,,Not reported,Not reported,Sentence embeddings (e.g. biomedical BERT) -> PCA-8 fitted in-fold,Angle encoding of reduced features,Hybrid classical feature extractor + VQC head,TF-IDF + logistic regression; fine-tuned biomedical transformers,"Representative, stratified (and patient-grouped) subsample; reduction fitted on training folds only"
NLP-008,High for transformer NLP; terminology resources are features/ontologies not labelled datasets; access must be obtained first,Low: text requires embeddings first; only hybrid embedding -> PCA -> VQC head as an exploratory study,NER / QA / classification,,,no fixed tabular view yet,,Not reported,Not reported,Sentence embeddings (e.g. biomedical BERT) -> PCA-8 fitted in-fold,Angle encoding of reduced features,Hybrid classical feature extractor + VQC head,TF-IDF + logistic regression; fine-tuned biomedical transformers,"Representative, stratified (and patient-grouped) subsample; reduction fitted on training folds only"
NLP-009,High for transformer NLP; terminology resources are features/ontologies not labelled datasets; access must be obtained first,Low: text requires embeddings first; only hybrid embedding -> PCA -> VQC head as an exploratory study,NER / QA / classification,,,no fixed tabular view yet,,Not reported,Not reported,Sentence embeddings (e.g. biomedical BERT) -> PCA-8 fitted in-fold,Angle encoding of reduced features,Hybrid classical feature extractor + VQC head,TF-IDF + logistic regression; fine-tuned biomedical transformers,"Representative, stratified (and patient-grouped) subsample; reduction fitted on training folds only"
NLP-010,High for transformer NLP; terminology resources are features/ontologies not labelled datasets,Low: text requires embeddings first; only hybrid embedding -> PCA -> VQC head as an exploratory study,NER / QA / classification,,,no fixed tabular view yet,,Not reported,Not reported,Sentence embeddings (e.g. biomedical BERT) -> PCA-8 fitted in-fold,Angle encoding of reduced features,Hybrid classical feature extractor + VQC head,TF-IDF + logistic regression; fine-tuned biomedical transformers,"Representative, stratified (and patient-grouped) subsample; reduction fitted on training folds only"
NLP-011,High for transformer NLP; terminology resources are features/ontologies not labelled datasets,Low: text requires embeddings first; only hybrid embedding -> PCA -> VQC head as an exploratory study,NER / QA / classification,,,no fixed tabular view yet,,Disease mentions normalized to MeSH/OMIM,Not reported,Sentence embeddings (e.g. biomedical BERT) -> PCA-8 fitted in-fold,Angle encoding of reduced features,Hybrid classical feature extractor + VQC head,TF-IDF + logistic regression; fine-tuned biomedical transformers,"Representative, stratified (and patient-grouped) subsample; reduction fitted on training folds only"
NLP-012,High for transformer NLP; terminology resources are features/ontologies not labelled datasets,Low: text requires embeddings first; only hybrid embedding -> PCA -> VQC head as an exploratory study,NER / QA / classification,,,no fixed tabular view yet,,Chemical & disease mentions with concept IDs; CID relations,Not reported,Sentence embeddings (e.g. biomedical BERT) -> PCA-8 fitted in-fold,Angle encoding of reduced features,Hybrid classical feature extractor + VQC head,TF-IDF + logistic regression; fine-tuned biomedical transformers,"Representative, stratified (and patient-grouped) subsample; reduction fitted on training folds only"
NLP-013,High for transformer NLP; terminology resources are features/ontologies not labelled datasets; access must be obtained first,Low: text requires embeddings first; only hybrid embedding -> PCA -> VQC head as an exploratory study,NER / QA / classification,,,no fixed tabular view yet,,gold_label (NLI),Not reported,Sentence embeddings (e.g. biomedical BERT) -> PCA-8 fitted in-fold,Angle encoding of reduced features,Hybrid classical feature extractor + VQC head,TF-IDF + logistic regression; fine-tuned biomedical transformers,"Representative, stratified (and patient-grouped) subsample; reduction fitted on training folds only"
NLP-014,High for transformer NLP; terminology resources are features/ontologies not labelled datasets; access must be obtained first,Low: text requires embeddings first; only hybrid embedding -> PCA -> VQC head as an exploratory study,NER / QA / classification,,,no fixed tabular view yet,,Not reported,Not reported,Sentence embeddings (e.g. biomedical BERT) -> PCA-8 fitted in-fold,Angle encoding of reduced features,Hybrid classical feature extractor + VQC head,TF-IDF + logistic regression; fine-tuned biomedical transformers,"Representative, stratified (and patient-grouped) subsample; reduction fitted on training folds only"
NLP-015,High for transformer NLP; terminology resources are features/ontologies not labelled datasets; access must be obtained first,Low: text requires embeddings first; only hybrid embedding -> PCA -> VQC head as an exploratory study,NER / QA / classification,,,no fixed tabular view yet,,Not reported,Not reported,Sentence embeddings (e.g. biomedical BERT) -> PCA-8 fitted in-fold,Angle encoding of reduced features,Hybrid classical feature extractor + VQC head,TF-IDF + logistic regression; fine-tuned biomedical transformers,"Representative, stratified (and patient-grouped) subsample; reduction fitted on training folds only"
NLP-016,High for transformer NLP; terminology resources are features/ontologies not labelled datasets; access must be obtained first,Low: text requires embeddings first; only hybrid embedding -> PCA -> VQC head as an exploratory study,NER / QA / classification,,,no fixed tabular view yet,,Not reported,Not reported,Sentence embeddings (e.g. biomedical BERT) -> PCA-8 fitted in-fold,Angle encoding of reduced features,Hybrid classical feature extractor + VQC head,TF-IDF + logistic regression; fine-tuned biomedical transformers,"Representative, stratified (and patient-grouped) subsample; reduction fitted on training folds only"
NLP-017,High for transformer NLP; terminology resources are features/ontologies not labelled datasets,Low: text requires embeddings first; only hybrid embedding -> PCA -> VQC head as an exploratory study,NER / QA / classification,,,no fixed tabular view yet,,Not reported,Not reported,Sentence embeddings (e.g. biomedical BERT) -> PCA-8 fitted in-fold,Angle encoding of reduced features,Hybrid classical feature extractor + VQC head,TF-IDF + logistic regression; fine-tuned biomedical transformers,"Representative, stratified (and patient-grouped) subsample; reduction fitted on training folds only"
NLP-018,High for transformer NLP; terminology resources are features/ontologies not labelled datasets,Low: text requires embeddings first; only hybrid embedding -> PCA -> VQC head as an exploratory study,NER / QA / classification,,,no fixed tabular view yet,,Not reported,Not reported,Sentence embeddings (e.g. biomedical BERT) -> PCA-8 fitted in-fold,Angle encoding of reduced features,Hybrid classical feature extractor + VQC head,TF-IDF + logistic regression; fine-tuned biomedical transformers,"Representative, stratified (and patient-grouped) subsample; reduction fitted on training folds only"
PH-001,"Medium: aggregate indicators suit regression/forecasting and descriptive analysis, not patient-level prediction",Low: aggregate panels have few independent samples; QML adds little beyond toy regression,indicator regression / forecasting,,,no fixed tabular view yet,,Not applicable (aggregate indicators),Not applicable,"Choose indicator panel, align geographies/years, standardise",Angle encoding of reduced features,Hybrid classical feature extractor + VQC head,"Linear/Poisson regression, ARIMA/Prophet-style forecasting","Representative, stratified (and patient-grouped) subsample; reduction fitted on training folds only"
PH-002,"Medium: aggregate indicators suit regression/forecasting and descriptive analysis, not patient-level prediction",Low: aggregate panels have few independent samples; QML adds little beyond toy regression,indicator regression / forecasting,,,no fixed tabular view yet,,Not applicable (aggregate indicators),Not applicable,"Choose indicator panel, align geographies/years, standardise",Angle encoding of reduced features,Hybrid classical feature extractor + VQC head,"Linear/Poisson regression, ARIMA/Prophet-style forecasting","Representative, stratified (and patient-grouped) subsample; reduction fitted on training folds only"
PH-003,"Medium: aggregate indicators suit regression/forecasting and descriptive analysis, not patient-level prediction",Low: aggregate panels have few independent samples; QML adds little beyond toy regression,indicator regression / forecasting,,,no fixed tabular view yet,,Not applicable (aggregate indicators),Not applicable,"Choose indicator panel, align geographies/years, standardise",Angle encoding of reduced features,Hybrid classical feature extractor + VQC head,"Linear/Poisson regression, ARIMA/Prophet-style forecasting","Representative, stratified (and patient-grouped) subsample; reduction fitted on training folds only"
PH-004,"Medium: aggregate indicators suit regression/forecasting and descriptive analysis, not patient-level prediction; access must be obtained first",Low: aggregate panels have few independent samples; QML adds little beyond toy regression,indicator regression / forecasting,,,no fixed tabular view yet,,Not applicable (aggregate indicators),Not applicable,"Choose indicator panel, align geographies/years, standardise",Angle encoding of reduced features,Hybrid classical feature extractor + VQC head,"Linear/Poisson regression, ARIMA/Prophet-style forecasting","Representative, stratified (and patient-grouped) subsample; reduction fitted on training folds only"
PH-005,"Medium: aggregate indicators suit regression/forecasting and descriptive analysis, not patient-level prediction",Low: aggregate panels have few independent samples; QML adds little beyond toy regression,indicator regression / forecasting,,,no fixed tabular view yet,,Not applicable: respondent-level survey microdata; outcome chosen per study (correction by catalogue maintainer: this da,Not applicable,"Choose indicator panel, align geographies/years, standardise",Angle encoding of reduced features,Hybrid classical feature extractor + VQC head,"Linear/Poisson regression, ARIMA/Prophet-style forecasting","Representative, stratified (and patient-grouped) subsample; reduction fitted on training folds only"
PH-006,"Medium: aggregate indicators suit regression/forecasting and descriptive analysis, not patient-level prediction",Low: aggregate panels have few independent samples; QML adds little beyond toy regression,indicator regression / forecasting,,,no fixed tabular view yet,,Not applicable: respondent-level survey microdata; outcome chosen per study (correction by catalogue maintainer: this da,Not applicable,"Choose indicator panel, align geographies/years, standardise",Angle encoding of reduced features,Hybrid classical feature extractor + VQC head,"Linear/Poisson regression, ARIMA/Prophet-style forecasting","Representative, stratified (and patient-grouped) subsample; reduction fitted on training folds only"
PH-007,"Medium: aggregate indicators suit regression/forecasting and descriptive analysis, not patient-level prediction",Low: aggregate panels have few independent samples; QML adds little beyond toy regression,indicator regression / forecasting,,,no fixed tabular view yet,,Not applicable (aggregate indicators),Not applicable,"Choose indicator panel, align geographies/years, standardise",Angle encoding of reduced features,Hybrid classical feature extractor + VQC head,"Linear/Poisson regression, ARIMA/Prophet-style forecasting","Representative, stratified (and patient-grouped) subsample; reduction fitted on training folds only"
PH-008,"Medium: aggregate indicators suit regression/forecasting and descriptive analysis, not patient-level prediction",Low: aggregate panels have few independent samples; QML adds little beyond toy regression,indicator regression / forecasting,,,no fixed tabular view yet,,Not applicable (aggregate indicators),Not applicable,"Choose indicator panel, align geographies/years, standardise",Angle encoding of reduced features,Hybrid classical feature extractor + VQC head,"Linear/Poisson regression, ARIMA/Prophet-style forecasting","Representative, stratified (and patient-grouped) subsample; reduction fitted on training folds only"
PH-009,"Medium: aggregate indicators suit regression/forecasting and descriptive analysis, not patient-level prediction",Low: aggregate panels have few independent samples; QML adds little beyond toy regression,indicator regression / forecasting,,,no fixed tabular view yet,,Not applicable (aggregate indicators),Not applicable,"Choose indicator panel, align geographies/years, standardise",Angle encoding of reduced features,Hybrid classical feature extractor + VQC head,"Linear/Poisson regression, ARIMA/Prophet-style forecasting","Representative, stratified (and patient-grouped) subsample; reduction fitted on training folds only"
PH-010,"Medium: aggregate indicators suit regression/forecasting and descriptive analysis, not patient-level prediction",Low: aggregate panels have few independent samples; QML adds little beyond toy regression,indicator regression / forecasting,,,no fixed tabular view yet,,Not applicable (aggregate indicators),Not applicable,"Choose indicator panel, align geographies/years, standardise",Angle encoding of reduced features,Hybrid classical feature extractor + VQC head,"Linear/Poisson regression, ARIMA/Prophet-style forecasting","Representative, stratified (and patient-grouped) subsample; reduction fitted on training folds only"
PH-011,"Medium: aggregate indicators suit regression/forecasting and descriptive analysis, not patient-level prediction",Low: aggregate panels have few independent samples; QML adds little beyond toy regression,indicator regression / forecasting,,,no fixed tabular view yet,,Not applicable (aggregate indicators),Not applicable,"Choose indicator panel, align geographies/years, standardise",Angle encoding of reduced features,Hybrid classical feature extractor + VQC head,"Linear/Poisson regression, ARIMA/Prophet-style forecasting","Representative, stratified (and patient-grouped) subsample; reduction fitted on training folds only"
PH-012,"Medium: aggregate indicators suit regression/forecasting and descriptive analysis, not patient-level prediction",Low: aggregate panels have few independent samples; QML adds little beyond toy regression,indicator regression / forecasting,,,no fixed tabular view yet,,Not applicable (aggregate indicators),Not applicable,"Choose indicator panel, align geographies/years, standardise",Angle encoding of reduced features,Hybrid classical feature extractor + VQC head,"Linear/Poisson regression, ARIMA/Prophet-style forecasting","Representative, stratified (and patient-grouped) subsample; reduction fitted on training folds only"
PH-013,"Medium: aggregate indicators suit regression/forecasting and descriptive analysis, not patient-level prediction; access must be obtained first",Low: aggregate panels have few independent samples; QML adds little beyond toy regression,indicator regression / forecasting,,,no fixed tabular view yet,,Not applicable (aggregate indicators),Not applicable,"Choose indicator panel, align geographies/years, standardise",Angle encoding of reduced features,Hybrid classical feature extractor + VQC head,"Linear/Poisson regression, ARIMA/Prophet-style forecasting","Representative, stratified (and patient-grouped) subsample; reduction fitted on training folds only"
PH-014,"Medium: aggregate indicators suit regression/forecasting and descriptive analysis, not patient-level prediction",Low: aggregate panels have few independent samples; QML adds little beyond toy regression,indicator regression / forecasting,,,no fixed tabular view yet,,Not applicable (aggregate indicators),Not applicable,"Choose indicator panel, align geographies/years, standardise",Angle encoding of reduced features,Hybrid classical feature extractor + VQC head,"Linear/Poisson regression, ARIMA/Prophet-style forecasting","Representative, stratified (and patient-grouped) subsample; reduction fitted on training folds only"
PH-015,"Medium: aggregate indicators suit regression/forecasting and descriptive analysis, not patient-level prediction",Low: aggregate panels have few independent samples; QML adds little beyond toy regression,indicator regression / forecasting,,,no fixed tabular view yet,,Not applicable (aggregate indicators),Not applicable,"Choose indicator panel, align geographies/years, standardise",Angle encoding of reduced features,Hybrid classical feature extractor + VQC head,"Linear/Poisson regression, ARIMA/Prophet-style forecasting","Representative, stratified (and patient-grouped) subsample; reduction fitted on training folds only"
PH-016,"Medium: aggregate indicators suit regression/forecasting and descriptive analysis, not patient-level prediction",Low: aggregate panels have few independent samples; QML adds little beyond toy regression,indicator regression / forecasting,,,no fixed tabular view yet,,Not applicable (aggregate indicators),Not applicable,"Choose indicator panel, align geographies/years, standardise",Angle encoding of reduced features,Hybrid classical feature extractor + VQC head,"Linear/Poisson regression, ARIMA/Prophet-style forecasting","Representative, stratified (and patient-grouped) subsample; reduction fitted on training folds only"
PH-017,"Medium: aggregate indicators suit regression/forecasting and descriptive analysis, not patient-level prediction",Low: aggregate panels have few independent samples; QML adds little beyond toy regression,indicator regression / forecasting,,,no fixed tabular view yet,,Not applicable (aggregate indicators),Not applicable,"Choose indicator panel, align geographies/years, standardise",Angle encoding of reduced features,Hybrid classical feature extractor + VQC head,"Linear/Poisson regression, ARIMA/Prophet-style forecasting","Representative, stratified (and patient-grouped) subsample; reduction fitted on training folds only"
PH-018,"Medium: aggregate indicators suit regression/forecasting and descriptive analysis, not patient-level prediction; access must be obtained first",Low: aggregate panels have few independent samples; QML adds little beyond toy regression,indicator regression / forecasting,,,no fixed tabular view yet,,Not applicable (aggregate indicators),Not applicable,"Choose indicator panel, align geographies/years, standardise",Angle encoding of reduced features,Hybrid classical feature extractor + VQC head,"Linear/Poisson regression, ARIMA/Prophet-style forecasting","Representative, stratified (and patient-grouped) subsample; reduction fitted on training folds only"
TS-001,High: well-annotated signals; use record/subject-grouped windows,"Low-Medium: raw signals too long; hybrid with engineered features (HRV, spectral power) reduced to 8 qubits",beat/episode/window classification,,,no fixed tabular view yet,,Beat and rhythm annotations,Not reported,"Filtering, fixed windows, hand-crafted or learned features, PCA-8; subject-grouped splits",Angle encoding of reduced features,Hybrid classical feature extractor + VQC head,GBM on engineered features; 1D-CNN,"Representative, stratified (and patient-grouped) subsample; reduction fitted on training folds only"
TS-002,High: well-annotated signals; use record/subject-grouped windows,"Low-Medium: raw signals too long; hybrid with engineered features (HRV, spectral power) reduced to 8 qubits",beat/episode/window classification,,,no fixed tabular view yet,,71 SCP-ECG statements (diagnostic/form/rhythm),"Superclasses: NORM 9,514; MI 5,469; STTC 5,235; CD 4,898; HYP 2,649 (multi-label)","Filtering, fixed windows, hand-crafted or learned features, PCA-8; subject-grouped splits",Angle encoding of reduced features,Hybrid classical feature extractor + VQC head,GBM on engineered features; 1D-CNN,"Representative, stratified (and patient-grouped) subsample; reduction fitted on training folds only"
TS-003,High: well-annotated signals; use record/subject-grouped windows,"Low-Medium: raw signals too long; hybrid with engineered features (HRV, spectral power) reduced to 8 qubits",beat/episode/window classification,,,no fixed tabular view yet,,Diagnostic class,268 subjects with summaries: MI 148; cardiomyopathy/HF 18; BBB 15; dysrhythmia 14; hypertrophy 7; valvular 6; myocarditi,"Filtering, fixed windows, hand-crafted or learned features, PCA-8; subject-grouped splits",Angle encoding of reduced features,Hybrid classical feature extractor + VQC head,GBM on engineered features; 1D-CNN,"Representative, stratified (and patient-grouped) subsample; reduction fitted on training folds only"
TS-004,High: well-annotated signals; use record/subject-grouped windows,"Low-Medium: raw signals too long; hybrid with engineered features (HRV, spectral power) reduced to 8 qubits",beat/episode/window classification,,,no fixed tabular view yet,,Normal / AF / Other rhythm / Noisy,"Training: Normal 5,154; AF 771; Other 2,557; Noisy 46","Filtering, fixed windows, hand-crafted or learned features, PCA-8; subject-grouped splits",Angle encoding of reduced features,Hybrid classical feature extractor + VQC head,GBM on engineered features; 1D-CNN,"Representative, stratified (and patient-grouped) subsample; reduction fitted on training folds only"
TS-005,High: well-annotated signals; use record/subject-grouped windows,"Low-Medium: raw signals too long; hybrid with engineered features (HRV, spectral power) reduced to 8 qubits",beat/episode/window classification,,,no fixed tabular view yet,,Seizure onset/offset,Not reported,"Filtering, fixed windows, hand-crafted or learned features, PCA-8; subject-grouped splits",Angle encoding of reduced features,Hybrid classical feature extractor + VQC head,GBM on engineered features; 1D-CNN,"Representative, stratified (and patient-grouped) subsample; reduction fitted on training folds only"
TS-006,High: well-annotated signals; use record/subject-grouped windows,"Low-Medium: raw signals too long; hybrid with engineered features (HRV, spectral power) reduced to 8 qubits",beat/episode/window classification,,,no fixed tabular view yet,,Task events T0/T1/T2,Not reported,"Filtering, fixed windows, hand-crafted or learned features, PCA-8; subject-grouped splits",Angle encoding of reduced features,Hybrid classical feature extractor + VQC head,GBM on engineered features; 1D-CNN,"Representative, stratified (and patient-grouped) subsample; reduction fitted on training folds only"
TS-007,High: well-annotated signals; use record/subject-grouped windows,"Low-Medium: raw signals too long; hybrid with engineered features (HRV, spectral power) reduced to 8 qubits",beat/episode/window classification,,,no fixed tabular view yet,,Sleep stage hypnogram,Not reported,"Filtering, fixed windows, hand-crafted or learned features, PCA-8; subject-grouped splits",Angle encoding of reduced features,Hybrid classical feature extractor + VQC head,GBM on engineered features; 1D-CNN,"Representative, stratified (and patient-grouped) subsample; reduction fitted on training folds only"
TS-008,High: well-annotated signals; use record/subject-grouped windows; access must be obtained first,"Low-Medium: raw signals too long; hybrid with engineered features (HRV, spectral power) reduced to 8 qubits",beat/episode/window classification,,,no fixed tabular view yet,,"Subset-dependent (TUAB, TUAR, TUEP, TUEV, TUSZ, TUSL labels)",Not reported,"Filtering, fixed windows, hand-crafted or learned features, PCA-8; subject-grouped splits",Angle encoding of reduced features,Hybrid classical feature extractor + VQC head,GBM on engineered features; 1D-CNN,"Representative, stratified (and patient-grouped) subsample; reduction fitted on training folds only"
TS-009,High: well-annotated signals; use record/subject-grouped windows,"Low-Medium: raw signals too long; hybrid with engineered features (HRV, spectral power) reduced to 8 qubits",beat/episode/window classification,,,no fixed tabular view yet,,Breath annotations / respiratory rate,Not reported,"Filtering, fixed windows, hand-crafted or learned features, PCA-8; subject-grouped splits",Angle encoding of reduced features,Hybrid classical feature extractor + VQC head,GBM on engineered features; 1D-CNN,"Representative, stratified (and patient-grouped) subsample; reduction fitted on training folds only"
TS-010,High: well-annotated signals; use record/subject-grouped windows,"Low-Medium: raw signals too long; hybrid with engineered features (HRV, spectral power) reduced to 8 qubits",beat/episode/window classification,,,no fixed tabular view yet,,None (linked to MIMIC-III v1.4 clinical data),Not reported,"Filtering, fixed windows, hand-crafted or learned features, PCA-8; subject-grouped splits",Angle encoding of reduced features,Hybrid classical feature extractor + VQC head,GBM on engineered features; 1D-CNN,"Representative, stratified (and patient-grouped) subsample; reduction fitted on training folds only"
TS-011,High: well-annotated signals; use record/subject-grouped windows,"Low-Medium: raw signals too long; hybrid with engineered features (HRV, spectral power) reduced to 8 qubits",beat/episode/window classification,,,no fixed tabular view yet,,None (linkable via subject_id/hadm_id),Not reported,"Filtering, fixed windows, hand-crafted or learned features, PCA-8; subject-grouped splits",Angle encoding of reduced features,Hybrid classical feature extractor + VQC head,GBM on engineered features; 1D-CNN,"Representative, stratified (and patient-grouped) subsample; reduction fitted on training folds only"
TS-012,High: well-annotated signals; use record/subject-grouped windows; access must be obtained first,"Low-Medium: raw signals too long; hybrid with engineered features (HRV, spectral power) reduced to 8 qubits",beat/episode/window classification,,,no fixed tabular view yet,,"Affective state: neutral, stress, amusement",Not reported,"Filtering, fixed windows, hand-crafted or learned features, PCA-8; subject-grouped splits",Angle encoding of reduced features,Hybrid classical feature extractor + VQC head,GBM on engineered features; 1D-CNN,"Representative, stratified (and patient-grouped) subsample; reduction fitted on training folds only"
TS-013,High: well-annotated signals; use record/subject-grouped windows,"Low-Medium: raw signals too long; hybrid with engineered features (HRV, spectral power) reduced to 8 qubits",beat/episode/window classification,,,no fixed tabular view yet,,Heart rate (ground truth from ECG),Not reported,"Filtering, fixed windows, hand-crafted or learned features, PCA-8; subject-grouped splits",Angle encoding of reduced features,Hybrid classical feature extractor + VQC head,GBM on engineered features; 1D-CNN,"Representative, stratified (and patient-grouped) subsample; reduction fitted on training folds only"
TS-014,High: well-annotated signals; use record/subject-grouped windows,"Low-Medium: raw signals too long; hybrid with engineered features (HRV, spectral power) reduced to 8 qubits",beat/episode/window classification,,,no fixed tabular view yet,,Per-minute apnea presence/absence,Not reported,"Filtering, fixed windows, hand-crafted or learned features, PCA-8; subject-grouped splits",Angle encoding of reduced features,Hybrid classical feature extractor + VQC head,GBM on engineered features; 1D-CNN,"Representative, stratified (and patient-grouped) subsample; reduction fitted on training folds only"
TS-015,High: well-annotated signals; use record/subject-grouped windows,"Low-Medium: raw signals too long; hybrid with engineered features (HRV, spectral power) reduced to 8 qubits",beat/episode/window classification,,,no fixed tabular view yet,,Sleep stages and CAP phases,Healthy 16; NFLE 40; RBD 22; PLM 10; insomnia 9; narcolepsy 5; SDB 4; bruxism 2,"Filtering, fixed windows, hand-crafted or learned features, PCA-8; subject-grouped splits",Angle encoding of reduced features,Hybrid classical feature extractor + VQC head,GBM on engineered features; 1D-CNN,"Representative, stratified (and patient-grouped) subsample; reduction fitted on training folds only"
TS-016,Medium: signal-level features must be engineered. Assessment: confirm whether subject identity is recoverable to avoid leakage,"Low-Medium: after feature extraction (PTT, HR, PPG morphology) 8-qubit VQR possible",regression (SBP/DBP from PPG+ECG),12000,3,repository-reported instance count; features after engineering,8,continuous BP,n/a,"Extract per-beat features, aggregate per window; subject-grouped splits if IDs recoverable",Angle (RY) after PCA to target qubits; ZZ/IQP feature map for kernels,VQC (angle encoding + hardware-efficient ansatz); QSVM fidelity kernel (ZZ/IQP map); hybrid classical-head VQC,LogisticRegression; SVM-RBF; RandomForest; HistGradientBoosting,Shallow ansatz (2-3 layers) to limit barren plateaus; 4-8 qubits trains in seconds-minutes on CPU simulator
TS-017,High: well-annotated signals; use record/subject-grouped windows,"Low-Medium: raw signals too long; hybrid with engineered features (HRV, spectral power) reduced to 8 qubits",beat/episode/window classification,,,no fixed tabular view yet,,Protocol stage (relax/physical/cognitive/emotional stress),Not reported,"Filtering, fixed windows, hand-crafted or learned features, PCA-8; subject-grouped splits",Angle encoding of reduced features,Hybrid classical feature extractor + VQC head,GBM on engineered features; 1D-CNN,"Representative, stratified (and patient-grouped) subsample; reduction fitted on training folds only"
TS-018,High: well-annotated signals; use record/subject-grouped windows,"Low-Medium: raw signals too long; hybrid with engineered features (HRV, spectral power) reduced to 8 qubits",beat/episode/window classification,,,no fixed tabular view yet,,"Beat (N, S, V, Q) and rhythm (NSR, AFib, AFlutter) labels","2,774,054,987 labeled beats (per-class counts not quoted)","Filtering, fixed windows, hand-crafted or learned features, PCA-8; subject-grouped splits",Angle encoding of reduced features,Hybrid classical feature extractor + VQC head,GBM on engineered features; 1D-CNN,"Representative, stratified (and patient-grouped) subsample; reduction fitted on training folds only"
TS-019,High: well-annotated signals; use record/subject-grouped windows,"Low-Medium: raw signals too long; hybrid with engineered features (HRV, spectral power) reduced to 8 qubits",beat/episode/window classification,,,no fixed tabular view yet,,SepsisLabel (Sepsis-3; shifted 6 h earlier),Not reported,"Filtering, fixed windows, hand-crafted or learned features, PCA-8; subject-grouped splits",Angle encoding of reduced features,Hybrid classical feature extractor + VQC head,GBM on engineered features; 1D-CNN,"Representative, stratified (and patient-grouped) subsample; reduction fitted on training folds only"
TS-020,High: well-annotated signals; use record/subject-grouped windows,"Low-Medium: raw signals too long; hybrid with engineered features (HRV, spectral power) reduced to 8 qubits",beat/episode/window classification,,,no fixed tabular view yet,,Exam grades,Not reported,"Filtering, fixed windows, hand-crafted or learned features, PCA-8; subject-grouped splits",Angle encoding of reduced features,Hybrid classical feature extractor + VQC head,GBM on engineered features; 1D-CNN,"Representative, stratified (and patient-grouped) subsample; reduction fitted on training folds only"
