dataset_id,name,category,status,source,location,files,size_mb,volume,source_reported_size,read_by
TS-006,EEG Motor Movement/Imagery Dataset,Physiological/Time-Series,Parsed,Downloaded file (git-ignored raw/),time_series/eeg/raw/TS-006/,1,1997.44,"1,526 EDF recordings","1,526 runs (109 subjects x 14 runs)",scripts/hcds/validate.py (hcds.pipeline)
TS-002,"PTB-XL, a large publicly available electrocardiography dataset",Physiological/Time-Series,Parsed,Downloaded file (git-ignored raw/),time_series/ecg/raw/TS-002/,1,1839.5,"43,598 WFDB signal records","21,799 ECG records (10 s each)",scripts/hcds/validate.py (hcds.pipeline)
TS-004,AF Classification from a Short Single Lead ECG Recording: The PhysioNet/Computing in Cardiology Challenge 2017,Physiological/Time-Series,Parsed,Downloaded file (git-ignored raw/),time_series/ecg/raw/TS-004/,1,1476.21,"8,528 WFDB signal records","8,528 training recordings; 3,658 hidden test recordings",scripts/hcds/validate.py (hcds.pipeline)
TS-014,Apnea-ECG Database,Physiological/Time-Series,Parsed,Downloaded file (git-ignored raw/),time_series/sleep/raw/TS-014/,1,608.84,86 WFDB signal records,"70 recordings (35 learning a/b/c, 35 test x01-x35)",scripts/hcds/validate.py (hcds.pipeline)
TS-009,BIDMC PPG and Respiration Dataset,Physiological/Time-Series,Parsed,Downloaded file (git-ignored raw/),time_series/spo2/raw/TS-009/,1,217.9,106 WFDB signal records,53 recordings x 8 min,scripts/hcds/validate.py (hcds.pipeline)
PH-014,Our World in Data COVID-19 dataset,Public Health,Parsed,Downloaded file (git-ignored raw/),public_health/epidemiology/raw/PH-014/,1,97.71,"426,744 rows x 67 cols",Not reported,scripts/hcds/validate.py (hcds.pipeline)
TS-020,A Wearable Exam Stress Dataset for Predicting Cognitive Performance in Real-World Settings,Physiological/Time-Series,Parsed,Downloaded file (git-ignored raw/),time_series/wearable/raw/TS-020/,1,85.97,"46,588,963 rows in 191 tables",30 sessions (10 students x 3 exams),scripts/hcds/validate.py (hcds.pipeline)
TS-001,MIT-BIH Arrhythmia Database,Physiological/Time-Series,Parsed,Downloaded file (git-ignored raw/),time_series/ecg/raw/TS-001/,1,77.03,71 WFDB signal records,48 half-hour recordings,scripts/hcds/ecg.py (E7); scripts/hcds/validate.py (hcds.pipeline)
BIO-003,gene expression cancer RNA-Seq,Biomedical/Molecular,Parsed,Downloaded file (git-ignored raw/),biomedical/transcriptomics/raw/BIO-003/,1,72.86,"1,602 rows in 2 tables",801 instances,scripts/hcds/rnaseq.py (E5); scripts/hcds/validate.py (hcds.pipeline)
PH-008,"PLACES: Local Data for Better Health, County Data, 2025 release",Public Health,Parsed,Downloaded file (git-ignored raw/),public_health/epidemiology/raw/PH-008/,1,53.4,"229,298 rows x 22 cols",Not reported,scripts/hcds/validate.py (hcds.pipeline)
CLN-013,MIMIC-IV Clinical Database Demo,Clinical/Tabular,Parsed,Downloaded file (git-ignored raw/),clinical_tabular/icu/raw/CLN-013/,1,16.19,"1,398,600 rows in 32 tables",Not reported,scripts/hcds/validate.py (hcds.pipeline)
PH-015,World Bank World Development Indicators (Health topic),Public Health,Parsed,Downloaded file (git-ignored raw/),public_health/social_determinants/raw/PH-015/,1,13.74,"64,104 rows in 3 tables",Not reported,scripts/hcds/validate.py (hcds.pipeline)
TS-017,Non-EEG Dataset for Assessment of Neurological Status,Physiological/Time-Series,Parsed,Downloaded file (git-ignored raw/),time_series/wearable/raw/TS-017/,1,3.93,40 WFDB signal records,40 records (2 per subject),scripts/hcds/validate.py (hcds.pipeline)
CLN-003,Diabetes 130-US Hospitals for Years 1999-2008,Clinical/Tabular,Preprocessing validated,Downloaded file (git-ignored raw/),clinical_tabular/diabetes/raw/CLN-003/,1,3.17,"101,766 rows x 50 cols","101,766 instances (encounters)","scripts/hcds/experiments.py (E4, load_readmission); scripts/hcds/validate.py (hcds.pipeline)"
NLP-005,PubMedQA,Medical Text and Healthcare NLP,Parsed,Downloaded file (git-ignored raw/),healthcare_nlp/medical_qa/raw/NLP-005/,1,2.58,"1,000 rows x 10 cols","PQA-L 1,000; PQA-U 61,200; PQA-A 211,300 (HF total 273,518 rows)",scripts/hcds/validate.py (hcds.pipeline)
PH-009,NCHS - Leading Causes of Death: United States,Public Health,Parsed,Downloaded file (git-ignored raw/),public_health/mortality/raw/PH-009/,1,0.84,"10,868 rows x 6 cols","10,868 records",scripts/hcds/validate.py (hcds.pipeline)
CLN-009,Breast Cancer Wisconsin (Diagnostic),Clinical/Tabular,Preprocessing validated,Downloaded file (git-ignored raw/),clinical_tabular/cancer/raw/CLN-009/,2,0.17,568 rows x 32 cols,569 instances,scripts/hcds/benchmark.py --dataset-id CLN-009 (E1); scripts/hcds/validate.py (hcds.pipeline)
BIO-001,Molecular Biology (Splice-junction Gene Sequences),Biomedical/Molecular,Preprocessing validated,Downloaded file (git-ignored raw/),biomedical/genomics/raw/BIO-001/,1,0.17,"3,190 rows x 3 cols","3,190 instances",scripts/hcds/validate.py (hcds.pipeline)
CLN-011,Cervical Cancer (Risk Factors),Clinical/Tabular,Preprocessing validated,Downloaded file (git-ignored raw/),clinical_tabular/cancer/raw/CLN-011/,1,0.1,858 rows x 36 cols,858 instances,scripts/hcds/validate.py (hcds.pipeline)
CLN-008,Hepatitis C Virus (HCV) data,Clinical/Tabular,Preprocessing validated,Downloaded file (git-ignored raw/),clinical_tabular/liver/raw/CLN-008/,1,0.05,615 rows x 13 cols,615 instances,scripts/hcds/validate.py (hcds.pipeline)
CLN-002,Pima Indians Diabetes (OpenML 'diabetes'),Clinical/Tabular,Preprocessing validated,Downloaded file (git-ignored raw/),clinical_tabular/diabetes/raw/CLN-002/,1,0.04,768 rows x 9 cols,768 instances,"scripts/hcds/experiments.py (E2, load_pima); scripts/hcds/validate.py (hcds.pipeline)"
CLN-005,Early Stage Diabetes Risk Prediction,Clinical/Tabular,Preprocessing validated,Downloaded file (git-ignored raw/),clinical_tabular/diabetes/raw/CLN-005/,1,0.03,520 rows x 17 cols,520 instances,scripts/hcds/validate.py (hcds.pipeline)
CLN-006,Chronic Kidney Disease,Clinical/Tabular,Integrity verified,Downloaded file (git-ignored raw/),clinical_tabular/kidney/raw/CLN-006/,1,0.02,Not parsed yet,400 instances,scripts/hcds/validate.py (hcds.pipeline)
CLN-007,ILPD (Indian Liver Patient Dataset),Clinical/Tabular,Preprocessing validated,Downloaded file (git-ignored raw/),clinical_tabular/liver/raw/CLN-007/,1,0.02,583 rows x 11 cols,583 instances,scripts/hcds/validate.py (hcds.pipeline)
CLN-001,Heart Disease,Clinical/Tabular,Preprocessing validated,Downloaded file (git-ignored raw/),clinical_tabular/cardiovascular/raw/CLN-001/,1,0.01,303 rows x 14 cols,303 instances,"scripts/hcds/experiments.py (E3, load_heart); scripts/hcds/validate.py (hcds.pipeline)"
CLN-010,Heart Failure Clinical Records,Clinical/Tabular,Preprocessing validated,Downloaded file (git-ignored raw/),clinical_tabular/cardiovascular/raw/CLN-010/,1,0.01,299 rows x 13 cols,299 instances,scripts/hcds/validate.py (hcds.pipeline)
BIO-002,Molecular Biology (Promoter Gene Sequences),Biomedical/Molecular,Preprocessing validated,Downloaded file (git-ignored raw/),biomedical/genomics/raw/BIO-002/,1,0.01,106 rows x 3 cols,106 instances,scripts/hcds/validate.py (hcds.pipeline)
PH-019,COVID-19 Epidemiological Data (Snowflake share),Public Health,Access verified,Snowflake (owner's account),COVID19_EPIDEMIOLOGICAL_DATA.PUBLIC (profiles: snowflake/raw/profiles/),43,0.17,"43 tables; ~43.1 million rows in total (largest: JHU_COVID_19_TIMESERIES 12.45M, GOOG_GLOBAL_MOBILITY_REPORT 11.73M) in Snowflake; only aggregate profiles held locally","43 tables; ~43.1 million rows in total (largest: JHU_COVID_19_TIMESERIES 12.45M, GOOG_GLOBAL_MOBILITY_REPORT 11.73M)",scripts/hcds/snowflake_source.py (aggregates only)
PH-020,"Atlas US Healthcare Reference & Affiliations (sample, Snowflake share)",Public Health,Access verified,Snowflake (owner's account),ATLAS_US_HEALTHCARE_REFERENCE_AFFILIATIONS_DATASET_SAMPLE.SAMPLES (profiles: snowflake/raw/profiles/),13,0.04,13 tables of 100 rows each (vendor sample) in Snowflake; only aggregate profiles held locally,13 tables of 100 rows each (vendor sample),scripts/hcds/snowflake_source.py (aggregates only)
NLP-019,Drug Vocabulary (Snowflake share),Medical Text and Healthcare NLP,Access verified,Snowflake (owner's account),DRUG_VOCABULARY.PUBLIC (profiles: snowflake/raw/profiles/),3,0.01,"ENTRIES 15,235; IDENTIFIERS 20,232; NAMES 49,915 rows in Snowflake; only aggregate profiles held locally","ENTRIES 15,235; IDENTIFIERS 20,232; NAMES 49,915 rows",scripts/hcds/snowflake_source.py (aggregates only)
PH-021,"French National Health and Social Facilities (FINESS, Snowflake share)",Public Health,Access verified,Snowflake (owner's account),FRENCH_NATIONAL_HEALTH_AND_SOCIAL_FACILITIES.FINESS.V_ETABLISSEMENTS (profiles: snowflake/raw/profiles/),1,0.01,"1 view; 103,004 rows (aggregate profile count) in Snowflake; only aggregate profiles held locally","1 view; 103,004 rows (aggregate profile count)",scripts/hcds/snowflake_source.py (aggregates only)
NLP-020,"PubMed Biomedical Research Corpus, OA commercial subset (Snowflake share)",Medical Text and Healthcare NLP,Access verified,Snowflake (owner's account),PUBMED_BIOMEDICAL_RESEARCH_CORPUS.OA_COMM.PUBMED_OA_CKE_VW (profiles: snowflake/raw/profiles/),1,0.0,"1 view; 73,916,370 rows (aggregate profile count) in Snowflake; only aggregate profiles held locally","1 view; 73,916,370 rows (aggregate profile count)",scripts/hcds/snowflake_source.py (aggregates only)
