dataset_id_a,dataset_id_b,reason
CLN-013,CLN-012,subset/demo: MIMIC-IV demo is a 100-patient open subset of MIMIC-IV (PhysioNet project pages)
NLP-003,CLN-012,linked module: MIMIC-IV-Note links to MIMIC-IV patients; same credentialing (PhysioNet project pages)
TS-011,CLN-012,linked module: MIMIC-IV Waveform is part of the MIMIC-IV family; linkage scope per PhysioNet page
IMG-009,CLN-012,linked module: MIMIC-CXR is part of the MIMIC family; linkage details per PhysioNet page
NLP-016,NLP-008,derived: emrQA is generated from n2c2 annotations and inherits the n2c2 DUA (emrQA repository)
CLN-004,PH-005,derived: UCI CDC Diabetes Health Indicators is derived from BRFSS survey data (record mirrors field)
CLN-021,CLN-020,teaching version: Framingham teaching dataset vs. full cohort data (BioLINCC pages); do not count as one
BIO-020,BIO-012,overlapping versions: Tox21 challenge data vs. MoleculeNet Tox21 (8
BIO-019,BIO-014,distributed via: DAVIS/KIBA are distributed through TDC; TDC is the platform record
IMG-014,IMG-015,overlap: HAM10000 is mirrored in the ISIC Archive (record mirrors field); avoid double counting in ISIC-based training sets
IMG-016,IMG-017,derived (assessment): PCam patches are derived from CAMELYON16 slides per the PCam repository; verify before combining
IMG-018,IMG-014,derived (assessment): MedMNIST includes derived versions of public datasets (e.g. dermatology from HAM10000) per MedMNIST paper; not re-verified this session
IMG-018,IMG-007,derived (assessment): MedMNIST ChestMNIST is reported to derive from NIH ChestX-ray14 per MedMNIST paper; not re-verified this session
BIO-003,BIO-005,derived (assessment): UCI gene expression cancer RNA-Seq cites Synapse syn4301332 (TCGA Pan-Cancer); TCGA is hosted by GDC
CLN-009,CLN-009,mirror: scikit-learn bundles a copy of UCI WDBC; the copy was acquired and hashed (see acquisition_manifest.csv)
CLN-017,CLN-017,mirror: scikit-learn bundles the Efron et al. diabetes data (record)
BIO-003,,mirrors: Original source: Synapse syn4301332 (https://www.synapse.org/#!Synapse:syn4301332)
BIO-006,,mirrors: ExPASy release notes: https://web.expasy.org/docs/relnotes/relstat.html
BIO-007,,mirrors: wwPDB partners (files.wwpdb.org)
BIO-008,,"mirrors: Google Cloud (mentioned, details not on page)"
BIO-009,,mirrors: UC San Diego Library archive: https://library.ucsd.edu/dc/collection/bb03870458
BIO-013,,"mirrors: MoleculeNet/DeepChem QM9 loader (133,885 compounds)"
BIO-017,,mirrors: Zenodo (quarterly releases from v89)
BIO-018,,mirrors: GenomeNet mirror: https://www.genome.jp/kegg/
BIO-019,,"mirrors: Also in TDC: BindingDB_Kd, BindingDB_IC50, BindingDB_Ki"
BIO-020,,"mirrors: MoleculeNet Tox21 (8,014 compounds, 12 tasks); PubChem AIDs 743040 etc."
CLN-002,,mirrors: Original UCI page (legacy URL recorded by OpenML)
CLN-004,,mirrors: Kaggle: https://www.kaggle.com/datasets/alexteboul/diabetes-health-indicators-dataset; original CDC BRFSS 2014: https://www.cdc.gov/brfss/annual_data/annual_2014.html
CLN-009,,mirrors: scikit-learn load_breast_cancer (Assessment: commonly bundled; not verified this session)
CLN-013,,mirrors: Google BigQuery
CLN-014,,mirrors: Docs: https://eicu-crd.mit.edu/; code: https://github.com/mit-lcp/eicu-code
CLN-017,,mirrors: scikit-learn bundled copy
CLN-020,,mirrors: Study website framinghamheartstudy.org
NLP-005,,mirrors: Hugging Face: https://huggingface.co/datasets/qiaojin/PubMedQA
NLP-006,,mirrors: Hugging Face: openlifescienceai/medmcqa
NLP-011,,mirrors: Hugging Face bigbio collection (Assessment: not verified this session)
NLP-012,,mirrors: Hugging Face: bigbio/bc5cdr
NLP-017,,mirrors: Assessment: Kaggle scrapes exist (not verified)
NLP-018,,mirrors: Assessment: Kaggle (not verified)
IMG-001,,mirrors: Kaggle (Task 2 RSNA-MICCAI radiogenomic competition)
IMG-004,,mirrors: NCI Imaging Data Commons
IMG-005,,"mirrors: NCI Imaging Data Commons; Assessment: CDAS (cdas.cancer.gov) holds additional NLST clinical data, not fetched"
IMG-006,,mirrors: Kaggle mirror: https://www.kaggle.com/datasets/paultimothymooney/chest-xray-pneumonia
IMG-009,,mirrors: MIMIC-CXR-JPG (PhysioNet derivative)
IMG-014,,mirrors: ISIC Archive
IMG-016,,mirrors: Zenodo; Google Drive
PH-003,,mirrors: Related: coverage survey data xlsx on same portal
PH-008,,mirrors: GIS-friendly county format: https://data.cdc.gov/d/i46a-9kgh
PH-010,,mirrors: DHS Program report FR375
PH-014,,mirrors: OWID catalog compact.csv
