dataset_id,name,task,n_samples_used,n_features_raw,size_basis,label_structure,class_imbalance,reduction,reduced_features,angle_qubits,amplitude_qubits,amplitude_state_prep_cnots,basis_qubits,zz_feature_map_entanglers,qsvm_kernel_evals_full,qsvm_max_train_samples,simulator_tier,recommended_encoding,recommended_qml_models,classical_baselines,qml_suitability,trainability_notes
BIO-001,Molecular Biology (Splice-junction Gene Sequences),3-class classification (EI/IE/N),3190,60,repository-reported,3-class,Not reported on page,k-mer (k=2/3) frequencies then PCA-8; or basis encoding of a window,8,8,6,57,8,28,2859636,2000,CPU statevector simulator,Angle (RY) after PCA to target qubits; ZZ/IQP feature map for kernels,VQC (angle encoding + hardware-efficient ansatz); QSVM fidelity kernel (ZZ/IQP map); hybrid classical-head VQC,LogisticRegression; SVM-RBF; RandomForest; HistGradientBoosting,Medium: one-hot gives 240 binary features; needs k-mer counts or PCA to 8-10 qubits,Shallow ansatz (2-3 layers) to limit barren plateaus; 4-8 qubits trains in seconds-minutes on CPU simulator
BIO-002,Molecular Biology (Promoter Gene Sequences),binary classification (promoter vs non),106,57,repository-reported,binary (+/-),Not reported on landing page,k-mer features + PCA-6,6,6,6,57,6,15,3081,79,CPU statevector simulator,Angle (RY) after PCA to target qubits; ZZ/IQP feature map for kernels,VQC (angle encoding + hardware-efficient ansatz); QSVM fidelity kernel (ZZ/IQP map); hybrid classical-head VQC,LogisticRegression; SVM-RBF; RandomForest; HistGradientBoosting,"Medium: tiny n; useful as a toy for basis/sequence encodings, not for claims",Shallow ansatz (2-3 layers) to limit barren plateaus; 4-8 qubits trains in seconds-minutes on CPU simulator
BIO-003,gene expression cancer RNA-Seq,5-class tumour type,801,20531,repository-reported,"5 classes (BRCA, KIRC, COAD, LUAD, PRAD)",Not reported on page,Variance filter + PCA-8 fitted in-fold; amplitude encoding only as a study of state-prep cost,8,8,15,32752,8,28,179700,600,CPU statevector simulator,Angle (RY) after PCA to target qubits; ZZ/IQP feature map for kernels,VQC (angle encoding + hardware-efficient ansatz); QSVM fidelity kernel (ZZ/IQP map); hybrid classical-head VQC,LogisticRegression; SVM-RBF; RandomForest; HistGradientBoosting,"Medium: requires aggressive in-fold reduction (variance filter -> PCA-8); amplitude encoding of 20,531 features needs 15 qubits but exponential state prep",Shallow ansatz (2-3 layers) to limit barren plateaus; 4-8 qubits trains in seconds-minutes on CPU simulator
CLN-001,Heart Disease,binary classification (num>0 vs 0),303,13,repository-reported,5-level 'num' collapsed to binary by convention,Not reported on page; check after download,"Clinically guided selection (age, sex, cp, thalach, oldpeak, ca, thal, exang) or PCA-8 fitted in-fold",8,8,4,11,8,28,25651,227,CPU statevector simulator,Angle (RY) after PCA to target qubits; ZZ/IQP feature map for kernels,VQC (angle encoding + hardware-efficient ansatz); QSVM fidelity kernel (ZZ/IQP map); hybrid classical-head VQC,LogisticRegression; SVM-RBF; RandomForest; HistGradientBoosting,"High: 13 features fit 8 qubits after PCA/selection; very small n -> wide CIs, use repeated CV",Shallow ansatz (2-3 layers) to limit barren plateaus; 4-8 qubits trains in seconds-minutes on CPU simulator
CLN-002,Pima Indians Diabetes (OpenML 'diabetes'),binary classification,768,8,repository-reported,binary (tested_positive/negative),500/268 (OpenML-reported),None needed (8 features); decide in-fold how to treat implausible zeros,8,8,3,4,8,28,165600,576,CPU statevector simulator,Angle (RY) after PCA to target qubits; ZZ/IQP feature map for kernels,VQC (angle encoding + hardware-efficient ansatz); QSVM fidelity kernel (ZZ/IQP map); hybrid classical-head VQC,LogisticRegression; SVM-RBF; RandomForest; HistGradientBoosting,High: 8 features map 1:1 to 8 qubits without reduction,Shallow ansatz (2-3 layers) to limit barren plateaus; 4-8 qubits trains in seconds-minutes on CPU simulator
CLN-003,Diabetes 130-US Hospitals for Years 1999-2008,"binary/3-class readmission (<30, >30, NO)",101766,47,repository-reported; QML uses stratified subsample,readmission (<30 days vs other) per source description,Not reported on page; measure after download,"One-hot/target-encode in-fold, PCA or mutual-information selection to 8; GroupKFold on patient_nbr",8,8,6,57,8,28,2912638326,2000,CPU statevector simulator,Angle (RY) after PCA to target qubits; ZZ/IQP feature map for kernels,VQC (angle encoding + hardware-efficient ansatz); QSVM fidelity kernel (ZZ/IQP map); hybrid classical-head VQC,LogisticRegression; SVM-RBF; RandomForest; HistGradientBoosting,Medium: needs stratified representative subsample (e.g. 2-5k) and heavy reduction; QSVM kernel cost O(n^2),Shallow ansatz (2-3 layers) to limit barren plateaus; 4-8 qubits trains in seconds-minutes on CPU simulator
CLN-004,CDC Diabetes Health Indicators,binary/3-class diabetes status,253680,21,repository-reported; QML uses stratified subsample,3-class diabetes / pre-diabetes / healthy,Not reported on page; measure after download,Selection to 8-12 features; stratified subsample 2-5k for QML,10,10,5,26,10,45,18099338670,2000,CPU statevector simulator,Angle (RY) after PCA to target qubits; ZZ/IQP feature map for kernels,VQC (angle encoding + hardware-efficient ansatz); QSVM fidelity kernel (ZZ/IQP map); hybrid classical-head VQC,LogisticRegression; SVM-RBF; RandomForest; HistGradientBoosting,Medium: subsample required; 21 mostly binary/ordinal features suit basis or angle encoding,Shallow ansatz (2-3 layers) to limit barren plateaus; 4-8 qubits trains in seconds-minutes on CPU simulator
CLN-005,Early Stage Diabetes Risk Prediction,binary classification,520,16,repository-reported,Positive/Negative,Not reported on page,"Basis encoding of binary symptoms, or select 8",8,8,4,11,8,28,75855,390,CPU statevector simulator,Angle (RY) after PCA to target qubits; ZZ/IQP feature map for kernels,VQC (angle encoding + hardware-efficient ansatz); QSVM fidelity kernel (ZZ/IQP map); hybrid classical-head VQC,LogisticRegression; SVM-RBF; RandomForest; HistGradientBoosting,High: binary features suit basis encoding (16 qubits) or angle after selection to 8,Shallow ansatz (2-3 layers) to limit barren plateaus; 4-8 qubits trains in seconds-minutes on CPU simulator
CLN-006,Chronic Kidney Disease,binary classification (ckd/notckd),400,24,repository-reported,binary,Not reported on page,In-fold imputation; PCA-8,8,8,5,26,8,28,44850,300,CPU statevector simulator,Angle (RY) after PCA to target qubits; ZZ/IQP feature map for kernels,VQC (angle encoding + hardware-efficient ansatz); QSVM fidelity kernel (ZZ/IQP map); hybrid classical-head VQC,LogisticRegression; SVM-RBF; RandomForest; HistGradientBoosting,High after imputation and reduction to 8,Shallow ansatz (2-3 layers) to limit barren plateaus; 4-8 qubits trains in seconds-minutes on CPU simulator
CLN-007,ILPD (Indian Liver Patient Dataset),binary classification,583,10,repository-reported,liver patient vs not,Not reported on page,PCA-8 or drop one redundant bilirubin feature,8,8,4,11,8,28,95266,437,CPU statevector simulator,Angle (RY) after PCA to target qubits; ZZ/IQP feature map for kernels,VQC (angle encoding + hardware-efficient ansatz); QSVM fidelity kernel (ZZ/IQP map); hybrid classical-head VQC,LogisticRegression; SVM-RBF; RandomForest; HistGradientBoosting,High: 10 features -> 8 qubits,Shallow ansatz (2-3 layers) to limit barren plateaus; 4-8 qubits trains in seconds-minutes on CPU simulator
CLN-008,Hepatitis C Virus (HCV) data,multi-class (blood donor vs hepatitis/fibrosis/cirrhosis),615,12,repository-reported,5 categories incl. suspect donor,Not reported on page; measure after download,PCA-8; binary reformulation for first QML runs,8,8,4,11,8,28,106030,461,CPU statevector simulator,Angle (RY) after PCA to target qubits; ZZ/IQP feature map for kernels,VQC (angle encoding + hardware-efficient ansatz); QSVM fidelity kernel (ZZ/IQP map); hybrid classical-head VQC,LogisticRegression; SVM-RBF; RandomForest; HistGradientBoosting,Medium: multi-class readout needs more qubits/measurements; consider binary donor vs disease,Shallow ansatz (2-3 layers) to limit barren plateaus; 4-8 qubits trains in seconds-minutes on CPU simulator
CLN-009,Breast Cancer Wisconsin (Diagnostic),binary classification (malignant vs benign),569,30,measured on acquired copy,binary,212 malignant / 357 benign (measured on scikit-learn copy),PCA fitted in-fold to 4-8 components,4,4,5,26,4,6,90525,426,CPU statevector simulator,Angle (RY) after PCA to target qubits; ZZ/IQP feature map for kernels,VQC (angle encoding + hardware-efficient ansatz); QSVM fidelity kernel (ZZ/IQP map); hybrid classical-head VQC,LogisticRegression; SVM-RBF; RandomForest; HistGradientBoosting,High: canonical QML benchmark; PCA-4..8 retains most variance; run completed on simulator (see experiments/results),Shallow ansatz (2-3 layers) to limit barren plateaus; 4-8 qubits trains in seconds-minutes on CPU simulator
CLN-010,Heart Failure Clinical Records,binary classification (death event),299,12,repository-reported,binary,Not reported on page,Exclude follow-up 'time' (leakage); PCA/selection to 8,8,8,4,11,8,28,24976,224,CPU statevector simulator,Angle (RY) after PCA to target qubits; ZZ/IQP feature map for kernels,VQC (angle encoding + hardware-efficient ansatz); QSVM fidelity kernel (ZZ/IQP map); hybrid classical-head VQC,LogisticRegression; SVM-RBF; RandomForest; HistGradientBoosting,High: 11-12 features -> 8 qubits,Shallow ansatz (2-3 layers) to limit barren plateaus; 4-8 qubits trains in seconds-minutes on CPU simulator
CLN-011,Cervical Cancer (Risk Factors),binary classification (biopsy etc.),858,36,repository-reported,"4 candidate targets (Hinselmann, Schiller, Cytology, Biopsy)",Not reported on page; measure after download,"Drop near-empty columns in-fold, PCA-8; use PR-AUC",8,8,6,57,8,28,206403,643,CPU statevector simulator,Angle (RY) after PCA to target qubits; ZZ/IQP feature map for kernels,VQC (angle encoding + hardware-efficient ansatz); QSVM fidelity kernel (ZZ/IQP map); hybrid classical-head VQC,LogisticRegression; SVM-RBF; RandomForest; HistGradientBoosting,Low-Medium: missingness plus likely rare positives make small-sample QML unstable (assessment),Shallow ansatz (2-3 layers) to limit barren plateaus; 4-8 qubits trains in seconds-minutes on CPU simulator
CLN-017,"Diabetes (Efron et al. 2004, LARS)",regression (disease progression at 1 year),442,10,repository-reported,continuous,n/a (regression),Use all 10 or PCA-8,8,8,4,11,8,28,54615,331,CPU statevector simulator,Angle (RY) after PCA to target qubits; ZZ/IQP feature map for kernels,VQC (angle encoding + hardware-efficient ansatz); QSVM fidelity kernel (ZZ/IQP map); hybrid classical-head VQC,LogisticRegression; SVM-RBF; RandomForest; HistGradientBoosting,Medium: QML regression (VQR) feasible with 10->8 qubits; fewer QML regression baselines,Shallow ansatz (2-3 layers) to limit barren plateaus; 4-8 qubits trains in seconds-minutes on CPU simulator
TS-016,Cuff-Less Blood Pressure Estimation,regression (SBP/DBP from PPG+ECG),12000,3,repository-reported instance count; features after engineering,continuous BP,n/a,"Extract per-beat features, aggregate per window; subject-grouped splits if IDs recoverable",3,3,2,1,3,3,40495500,2000,CPU statevector simulator,Angle (RY) after PCA to target qubits; ZZ/IQP feature map for kernels,VQC (angle encoding + hardware-efficient ansatz); QSVM fidelity kernel (ZZ/IQP map); hybrid classical-head VQC,LogisticRegression; SVM-RBF; RandomForest; HistGradientBoosting,"Low-Medium: after feature extraction (PTT, HR, PPG morphology) 8-qubit VQR possible",Shallow ansatz (2-3 layers) to limit barren plateaus; 4-8 qubits trains in seconds-minutes on CPU simulator
