repository,url,role,programmatic_access,access_model,search_method,container_reachable_2026_10_04,datasets_in_catalogue
Kaggle,https://www.kaggle.com/datasets,primary (brief list #1),Kaggle API / `kaggle` CLI (requires account + API token in ~/.kaggle/kaggle.json); competitions require rules acceptance,Account required for downloads; per-dataset licence set by uploader (often re-uploads of other sources),Landing pages of known datasets/competitions checked via web fetch; uploader-provided provenance recorded and canonical source preferred,No (proxy 403),4
MIMIC family (on PhysioNet),https://physionet.org/content/mimiciv/,primary (#6),"PhysioNet credentialed download, Google BigQuery (physionet-data), AWS open data (credentialed)","Credentialed: PhysioNet account, identity check, CITI 'Data or Specimens Only Research' training, signed DUA","Landing page fetched (version, licence, size)",No (proxy 403),6
PhysioNet,https://physionet.org/,primary (#2),"HTTPS/wget per project (`wget -r -N -c -np https://physionet.org/files/<slug>/<ver>/`), `wfdb` Python package; SHA256SUMS.txt per project","Open (ODC/CC licences), restricted (click-through DUA) or credentialed (CITI training + signed DUA) per project","Project landing pages (content/<slug>/<version>) fetched for licence, access policy, size, version",No (proxy 403),17
UCI Machine Learning Repository,https://archive.ics.uci.edu/,primary (#3),Metadata API https://archive.ics.uci.edu/api/dataset?id=<id>; static zip https://archive.ics.uci.edu/static/public/<id>/<slug>.zip; `ucimlrepo` package,Open; most datasets CC BY 4.0 (stated per dataset),Metadata API JSON + landing page per dataset id,No (proxy 403),16
NIH / NLM (incl. NCBI),https://www.nlm.nih.gov/,primary (#4),"NCBI E-utilities, FTP (ftp.ncbi.nlm.nih.gov), UMLS Terminology Services API (licence key)","Mix: open (PubMed baseline, MeSH, GEO), licence agreement (UMLS, SNOMED CT via UMLS)",Official download/terms pages fetched,No (proxy 403),10
The Cancer Imaging Archive (TCIA),https://www.cancerimagingarchive.net/,primary (#5),"NBIA Data Retriever, TCIA REST API / `tcia_utils`",Most collections open (CC BY 3.0/4.0); some limited-access collections need a TCIA account and DUA,"Collection landing pages fetched for licence, counts, DOI",No (proxy 403),4
WHO Data / Global Health Observatory,https://data.who.int/,primary (#7),GHO OData API https://ghoapi.azureedge.net/api/,Open; WHO terms of use / CC BY-NC-SA 3.0 IGO stated on many WHO data products,API root and portal pages fetched,No (proxy 403),3
"CDC Data (data.cdc.gov, NCHS, WONDER)",https://data.cdc.gov/,primary (#8),"Socrata SODA API (https://data.cdc.gov/resource/<id>.json), metadata /api/views/<id>.json; NHANES/BRFSS file downloads; WONDER web/API with data use restrictions","Open public-domain US government data, with WONDER/NCHS data-use restrictions on re-identification",Socrata metadata endpoints and program pages fetched,No (proxy 403),7
Open Government Data Platform India (data.gov.in),https://data.gov.in/,primary (#9),data.gov.in API (free API key after registration); CSV/XLS resource downloads,Government Open Data License - India (GODL); API key for programmatic access,Catalogue/resource pages fetched,No (proxy 403),3
OpenML,https://www.openml.org/,primary (#10),"REST API https://www.openml.org/api/v1/json/data/<id> (includes md5 checksum), `openml` Python package, sklearn `fetch_openml`",Open; licence per dataset (often 'Public' or CC0/CC BY),JSON data description API per id,No (proxy 403),1
Hugging Face Datasets,https://huggingface.co/datasets,primary (#11),"Hub API https://huggingface.co/api/datasets/<repo>, `datasets` / `huggingface_hub` packages; gated datasets need a token + acceptance",Per-dataset licence in the card; some gated,Hub API + dataset cards fetched,No (proxy 403),1
Harvard Dataverse,https://dataverse.harvard.edu/,primary (#12),"Dataverse native API (/api/datasets/:persistentId/?persistentId=doi:...), per-file MD5 in metadata",Per-dataset terms (CC0 default; some with custom terms or guestbook),Dataset page + native API JSON,No (proxy 403),1
Zenodo,https://zenodo.org/,primary (#13),REST API https://zenodo.org/api/records/<id> (per-file md5 checksums),Per-record licence; open or restricted records,Record API JSON / landing page,No (proxy 403),2
Other authoritative sources (expanded search),Various,expansion,"Synapse client, Grand Challenge, GDC API, RCSB/PDBe APIs, ChEMBL API, UniProt REST, cBioPortal API, GitHub, figshare, Mendeley Data, IEEE DataPort, Stanford AIMI, LONI IDA, BioLINCC, SEER*Stat, IHME GHDx, DHS Program",Varies per source; see each dataset row,Canonical landing pages fetched,GitHub raw only; others No (proxy 403),41
