fold,model,features,family,accuracy,balanced_accuracy,precision,recall_sensitivity,specificity,f1,roc_auc,pr_auc,brier,tn,fp,fn,tp,train_s,infer_s
0,LogisticRegression,all,classical,0.9736842105263158,0.9742875859810023,0.9545454545454546,0.9767441860465116,0.971830985915493,0.9655172413793104,0.9950867998689814,0.9937472128129953,0.021091225371208066,69,2,1,42,0.006222264000030009,0.0005344480000530893
0,LogisticRegression,pca4,classical,0.956140350877193,0.9602030789387488,0.9130434782608695,0.9767441860465116,0.9436619718309859,0.9438202247191011,0.9954143465443827,0.9932160179082204,0.0337758725475489,67,4,1,42,0.010639723000053891,0.0006264029999556442
0,SVM_RBF,all,classical,0.9912280701754386,0.9929577464788732,0.9772727272727273,1.0,0.9859154929577465,0.9885057471264368,0.9996724533245988,0.9994714587737844,0.011123882110761095,70,1,0,43,0.014326987999993435,0.0016076560000328755
0,SVM_RBF,pca4,classical,0.956140350877193,0.9556174254831313,0.9318181818181818,0.9534883720930233,0.9577464788732394,0.9425287356321839,0.9944317065181788,0.9914748917414451,0.031114304424195657,68,3,2,41,0.014593279999985498,0.0012916360000190252
0,RandomForest,all,classical,0.9649122807017544,0.9672453324598755,0.9333333333333333,0.9767441860465116,0.9577464788732394,0.9545454545454546,0.998689813298395,0.997942483598655,0.024816959064327487,68,3,1,42,0.5736236750000216,0.06621898200000942
0,RandomForest,pca4,classical,0.9649122807017544,0.971830985915493,0.9148936170212766,1.0,0.9436619718309859,0.9555555555555556,0.9967245332459875,0.994799197174259,0.028861793372319686,67,4,0,43,0.5460926539999491,0.06675671900006819
0,HistGradientBoosting,all,classical,0.9824561403508771,0.981329839502129,0.9767441860465116,0.9767441860465116,0.9859154929577465,0.9767441860465116,0.9996724533245988,0.9994714587737844,0.007306712971032411,70,1,1,42,0.1401393559999633,0.0016917520000561126
0,HistGradientBoosting,pca4,classical,0.9473684210526315,0.9577464788732395,0.8775510204081632,1.0,0.9154929577464789,0.9347826086956522,0.9941041598427776,0.9907944634952819,0.03838194621590941,65,6,0,43,0.1913385359999893,0.0019448330000386704
0,VQC_angle_SEL2,pca4,quantum (simulated),0.8245614035087719,0.7674418604651163,1.0,0.5348837209302325,1.0,0.696969696969697,0.9908286930887652,0.9845501607570901,0.11852430545536849,71,0,20,23,9.743612376999977,0.007782056999985798
0,QSVM_IQP_fidelity_kernel,pca4,quantum kernel (simulated),0.9122807017543859,0.9158205044218801,0.851063829787234,0.9302325581395349,0.9014084507042254,0.8888888888888888,0.9819849328529315,0.9718996958038937,0.054137076119197027,64,7,3,40,1.3758248440000216,0.0013272769999730372
1,LogisticRegression,all,classical,0.9473684210526315,0.9302325581395349,1.0,0.8604651162790697,1.0,0.925,0.9977071732721914,0.996240163419307,0.02643124235271012,71,0,6,37,0.00537994300009359,0.0004992459998902632
1,LogisticRegression,pca4,classical,0.9298245614035088,0.911562397641664,0.972972972972973,0.8372093023255814,0.9859154929577465,0.9,0.9944317065181789,0.9912624878693395,0.041585663725100565,70,1,7,36,0.010423289999948793,0.0005836689999796363
1,SVM_RBF,all,classical,0.9298245614035088,0.9253193580085162,0.9069767441860465,0.9069767441860465,0.9436619718309859,0.9069767441860465,0.9898460530625613,0.9841451450484273,0.041130644731214014,67,4,4,39,0.014887165999994068,0.001300136999930146
1,SVM_RBF,pca4,classical,0.9298245614035088,0.9207337045528987,0.926829268292683,0.8837209302325582,0.9577464788732394,0.9047619047619048,0.9836226662299377,0.9764634687794784,0.05046147572612227,68,3,5,38,0.01031676700006301,0.0011067309999361896
1,RandomForest,all,classical,0.9298245614035088,0.911562397641664,0.972972972972973,0.8372093023255814,0.9859154929577465,0.9,0.9762528660334098,0.9771682484141481,0.04454366471734893,70,1,7,36,0.5791504919999397,0.0671624100000372
1,RandomForest,pca4,classical,0.9122807017543859,0.8974778905994104,0.9230769230769231,0.8372093023255814,0.9577464788732394,0.8780487804878049,0.9618408123157549,0.9600537074912338,0.06025282651072125,68,3,7,36,0.5747872829999778,0.06836599500002194
1,HistGradientBoosting,all,classical,0.956140350877193,0.9464461185718964,0.975,0.9069767441860465,0.9859154929577465,0.9397590361445783,0.9911562397641664,0.9853110454222103,0.045037789630235116,70,1,4,39,0.15456768400008514,0.0017804629999318422
1,HistGradientBoosting,pca4,classical,0.9035087719298246,0.8858499836226662,0.9210526315789473,0.813953488372093,0.9577464788732394,0.8641975308641975,0.9751064526695055,0.9682679965502312,0.0751447648156634,68,3,8,35,0.18021476199999142,0.0025436359999275737
1,VQC_angle_SEL2,pca4,quantum (simulated),0.7719298245614035,0.6976744186046512,1.0,0.3953488372093023,1.0,0.5666666666666667,0.9741238126433017,0.9660074719315843,0.13326620078186968,71,0,26,17,9.86033171300005,0.007758613999953923
1,QSVM_IQP_fidelity_kernel,pca4,quantum kernel (simulated),0.9122807017543859,0.8837209302325582,1.0,0.7674418604651163,1.0,0.868421052631579,0.9823124795283328,0.9796040472156206,0.059074761964993436,71,0,10,33,1.4359510560000217,0.0012948159999268682
2,LogisticRegression,all,classical,0.9649122807017544,0.9523809523809523,1.0,0.9047619047619048,1.0,0.95,0.9851190476190477,0.9835764638359583,0.03021783209533918,72,0,4,38,0.08081210199998168,0.0007228680000253007
2,LogisticRegression,pca4,classical,0.9736842105263158,0.9642857142857143,1.0,0.9285714285714286,1.0,0.9629629629629629,0.9837962962962963,0.9824331767266551,0.03252217355340643,72,0,3,39,0.018949275000068155,0.0008266159999266165
2,SVM_RBF,all,classical,0.9649122807017544,0.9573412698412699,0.975,0.9285714285714286,0.9861111111111112,0.9512195121951219,0.9851190476190476,0.9834380389258439,0.0262164326285612,71,1,3,39,0.013820321000025615,0.0012779840000121112
2,SVM_RBF,pca4,classical,0.9649122807017544,0.9523809523809523,1.0,0.9047619047619048,1.0,0.95,0.9851190476190477,0.9833743260555847,0.03185152483740564,72,0,4,38,0.013302155000019411,0.0011486610000019937
2,RandomForest,all,classical,0.956140350877193,0.9454365079365079,0.9743589743589743,0.9047619047619048,0.9861111111111112,0.9382716049382716,0.986276455026455,0.9852435309245942,0.034529922027290445,71,1,4,38,0.5526312009999401,0.06906340900002306
2,RandomForest,pca4,classical,0.9473684210526315,0.9285714285714286,1.0,0.8571428571428571,1.0,0.9230769230769231,0.9783399470899471,0.9771295166516826,0.04173723196881092,72,0,6,36,0.6003917589999901,0.09184332200004519
2,HistGradientBoosting,all,classical,0.9473684210526315,0.9384920634920635,0.95,0.9047619047619048,0.9722222222222222,0.926829268292683,0.9831349206349207,0.9816786520619489,0.04446684928808676,70,2,4,38,0.19287096000005022,0.002211492000014914
2,HistGradientBoosting,pca4,classical,0.9210526315789473,0.9027777777777778,0.9459459459459459,0.8333333333333334,0.9722222222222222,0.8860759493670886,0.9722222222222222,0.9691849083318809,0.05799097207172898,70,2,7,35,0.2434135639999795,0.002362833999995928
2,VQC_angle_SEL2,pca4,quantum (simulated),0.868421052631579,0.8214285714285714,1.0,0.6428571428571429,1.0,0.782608695652174,0.9715608465608465,0.9675862165999527,0.1129504707572474,72,0,15,27,9.990191122000056,0.007929631999900266
2,QSVM_IQP_fidelity_kernel,pca4,quantum kernel (simulated),0.9298245614035088,0.9146825396825397,0.9473684210526315,0.8571428571428571,0.9722222222222222,0.9,0.9626322751322751,0.9217005622766782,0.0661923425801457,70,2,6,36,1.4016236649999883,0.0014864449999549834
3,LogisticRegression,all,classical,0.9912280701754386,0.9930555555555556,0.9767441860465116,1.0,0.9861111111111112,0.9882352941176471,1.0,1.0,0.010887739054881506,71,1,0,42,0.007033598000020902,0.0006557479999855786
3,LogisticRegression,pca4,classical,0.9824561403508771,0.9861111111111112,0.9545454545454546,1.0,0.9722222222222222,0.9767441860465116,0.9990079365079365,0.9982986766270131,0.023618654321570592,70,2,0,42,0.0343284070000891,0.0009583119999660994
3,SVM_RBF,all,classical,0.9649122807017544,0.9722222222222222,0.9130434782608695,1.0,0.9444444444444444,0.9545454545454546,1.0,1.0,0.019877989148365697,68,4,0,42,0.014558427999986634,0.001278667999940808
3,SVM_RBF,pca4,classical,0.956140350877193,0.9652777777777778,0.8936170212765957,1.0,0.9305555555555556,0.9438202247191011,0.996031746031746,0.9930343104259,0.035106358862817245,67,5,0,42,0.0147876680000536,0.0011108879999710553
3,RandomForest,all,classical,0.9473684210526315,0.9583333333333333,0.875,1.0,0.9166666666666666,0.9333333333333333,0.994212962962963,0.9903608276196105,0.03649259259259259,66,6,0,42,0.6006329179999739,0.06694834600000377
3,RandomForest,pca4,classical,0.9122807017543859,0.9255952380952381,0.82,0.9761904761904762,0.875,0.8913043478260869,0.9846230158730159,0.9748028542139269,0.05869922027290449,63,9,1,41,0.5938944409999749,0.08033210700000382
3,HistGradientBoosting,all,classical,0.9736842105263158,0.9742063492063492,0.9534883720930233,0.9761904761904762,0.9722222222222222,0.9647058823529412,0.9976851851851851,0.9964569160997734,0.02288412655111553,70,2,1,41,0.13811478499997065,0.0016689519999317781
3,HistGradientBoosting,pca4,classical,0.9385964912280702,0.9513888888888888,0.8571428571428571,1.0,0.9027777777777778,0.9230769230769231,0.9877645502645502,0.97792823934321,0.04964655292083842,65,7,0,42,0.19072495299997172,0.003623031999950399
3,VQC_angle_SEL2,pca4,quantum (simulated),0.8245614035087719,0.7619047619047619,1.0,0.5238095238095238,1.0,0.6875,0.9642857142857143,0.9490189995964912,0.1244026526922239,72,0,20,22,10.060759247000078,0.008814072999939526
3,QSVM_IQP_fidelity_kernel,pca4,quantum kernel (simulated),0.9210526315789473,0.9375,0.8235294117647058,1.0,0.875,0.9032258064516129,0.9828042328042328,0.97049956922006,0.0611876219977335,63,9,0,42,1.374491207999995,0.0008698350000031496
4,LogisticRegression,all,classical,0.9911504424778761,0.9880952380952381,1.0,0.9761904761904762,1.0,0.9879518072289156,0.9986586183769282,0.9979296066252588,0.011523779993758233,71,0,1,41,0.09445967500005281,0.0006579419999752645
4,LogisticRegression,pca4,classical,0.9823008849557522,0.9761904761904762,1.0,0.9523809523809523,1.0,0.975609756097561,0.9986586183769282,0.9979296066252588,0.014801189539263631,71,0,2,40,0.09113554300006399,0.0008851249999679567
4,SVM_RBF,all,classical,0.9823008849557522,0.9761904761904762,1.0,0.9523809523809523,1.0,0.975609756097561,0.9979879275653923,0.9970238095238095,0.013487765190800761,71,0,2,40,0.014008958000090388,0.0012454219998971894
4,SVM_RBF,pca4,classical,0.9823008849557522,0.9761904761904762,1.0,0.9523809523809523,1.0,0.975609756097561,0.9986586183769282,0.9979296066252588,0.015874954580646,71,0,2,40,0.009527074999937213,0.0010998430000199733
4,RandomForest,all,classical,0.9646017699115044,0.9572434607645876,0.975,0.9285714285714286,0.9859154929577465,0.9512195121951219,0.9919517102615695,0.9896884310458012,0.027756735496558504,70,1,3,39,0.5717248709999012,0.07868268300001091
4,RandomForest,pca4,classical,0.9734513274336283,0.9642857142857143,1.0,0.9285714285714286,1.0,0.9629629629629629,0.9976525821596245,0.9963596522230862,0.023348180924287115,71,0,3,39,0.5657173739999735,0.08209206799995172
4,HistGradientBoosting,all,classical,0.9734513274336283,0.9691482226693494,0.975609756097561,0.9523809523809523,0.9859154929577465,0.963855421686747,0.9906103286384976,0.9889886391193012,0.025398603044534895,70,1,2,40,0.1915680170000087,0.0019829630000458565
4,HistGradientBoosting,pca4,classical,0.9646017699115044,0.9523809523809523,1.0,0.9047619047619048,1.0,0.95,0.9979879275653923,0.9966343710175247,0.027772031846346905,71,0,4,38,0.19760844600000382,0.0021078400000078545
4,VQC_angle_SEL2,pca4,quantum (simulated),0.8672566371681416,0.8214285714285714,1.0,0.6428571428571429,1.0,0.782608695652174,0.9792085848423877,0.9716384020753791,0.10083841741621029,71,0,15,27,9.970770608999942,0.007585251000023163
4,QSVM_IQP_fidelity_kernel,pca4,quantum kernel (simulated),0.9469026548672567,0.9431589537223339,0.9285714285714286,0.9285714285714286,0.9577464788732394,0.9285714285714286,0.9802146210596916,0.9636292783706336,0.05101703754733014,68,3,3,39,1.4563310180000144,0.0008269090000112556
