family,model,features,accuracy,balanced_accuracy,recall_sensitivity,specificity,f1,roc_auc,pr_auc,brier,train_s,infer_s
classical,HistGradientBoosting,all,0.967 ± 0.014,0.962 ± 0.018,0.943 ± 0.036,0.980 ± 0.008,0.954 ± 0.020,0.992 ± 0.007,0.990 ± 0.007,0.029 ± 0.016,0.163 ± 0.027,0.002 ± 0.000
classical,HistGradientBoosting,pca4,0.935 ± 0.024,0.930 ± 0.033,0.910 ± 0.089,0.950 ± 0.040,0.912 ± 0.036,0.985 ± 0.011,0.981 ± 0.013,0.050 ± 0.018,0.201 ± 0.025,0.003 ± 0.001
classical,LogisticRegression,all,0.974 ± 0.019,0.968 ± 0.026,0.944 ± 0.059,0.992 ± 0.013,0.963 ± 0.027,0.995 ± 0.006,0.994 ± 0.006,0.020 ± 0.009,0.039 ± 0.045,0.001 ± 0.000
classical,LogisticRegression,pca4,0.965 ± 0.022,0.960 ± 0.029,0.939 ± 0.063,0.980 ± 0.024,0.952 ± 0.032,0.994 ± 0.006,0.993 ± 0.006,0.029 ± 0.010,0.033 ± 0.034,0.001 ± 0.000
classical,RandomForest,all,0.953 ± 0.015,0.948 ± 0.022,0.929 ± 0.064,0.966 ± 0.030,0.935 ± 0.022,0.989 ± 0.009,0.988 ± 0.008,0.034 ± 0.008,0.576 ± 0.017,0.070 ± 0.005
classical,RandomForest,pca4,0.942 ± 0.029,0.938 ± 0.030,0.920 ± 0.071,0.955 ± 0.051,0.922 ± 0.038,0.984 ± 0.015,0.981 ± 0.015,0.043 ± 0.017,0.576 ± 0.022,0.078 ± 0.010
classical,SVM_RBF,all,0.967 ± 0.024,0.965 ± 0.025,0.958 ± 0.042,0.972 ± 0.026,0.955 ± 0.031,0.995 ± 0.007,0.993 ± 0.008,0.022 ± 0.012,0.014 ± 0.000,0.001 ± 0.000
classical,SVM_RBF,pca4,0.958 ± 0.019,0.954 ± 0.021,0.939 ± 0.046,0.969 ± 0.030,0.943 ± 0.025,0.992 ± 0.007,0.988 ± 0.009,0.033 ± 0.012,0.013 ± 0.002,0.001 ± 0.000
quantum (simulated),VQC_angle_SEL2,pca4,0.831 ± 0.040,0.774 ± 0.051,0.548 ± 0.103,1.000 ± 0.000,0.703 ± 0.089,0.976 ± 0.010,0.968 ± 0.013,0.118 ± 0.012,9.925 ± 0.124,0.008 ± 0.000
quantum kernel (simulated),QSVM_IQP_fidelity_kernel,pca4,0.924 ± 0.014,0.919 ± 0.023,0.897 ± 0.088,0.941 ± 0.052,0.898 ± 0.022,0.978 ± 0.009,0.961 ± 0.023,0.058 ± 0.006,1.409 ± 0.036,0.001 ± 0.000
