repeat,fold,n_train,n_test,model,features,family,accuracy,balanced_accuracy,precision,recall_sensitivity,specificity,f1,roc_auc,pr_auc,brier,tn,fp,fn,tp,train_s,infer_s
0,0,614,154,LogisticRegression,all8,classical,0.7727272727272727,0.727037037037037,0.7209302325581395,0.5740740740740741,0.88,0.6391752577319587,0.825,0.6855400117479413,0.1633255672363135,88,12,23,31,0.011824026999875,0.0039710820001346
0,0,614,154,SVM_RBF,all8,classical,0.7272727272727273,0.6835185185185185,0.6304347826086957,0.5370370370370371,0.83,0.58,0.8225925925925927,0.7253888445340623,0.1638786134324892,83,17,25,29,0.110773958999971,0.0156984280001779
0,0,614,154,RandomForest,all8,classical,0.7922077922077922,0.759074074074074,0.7291666666666666,0.6481481481481481,0.87,0.6862745098039216,0.8435185185185186,0.6912104001464567,0.1552466089466089,87,13,19,35,0.8986001719999877,0.1176897349998853
0,0,614,154,HistGradientBoosting,all8,classical,0.7727272727272727,0.7483333333333333,0.6792452830188679,0.6666666666666666,0.83,0.6728971962616822,0.8405555555555557,0.6935700503188866,0.1657202736328415,83,17,18,36,0.3144182459998319,0.0157119279999733
0,0,614,154,VQC_angle_SEL2,all8,quantum (simulated),0.6753246753246753,0.554074074074074,0.6666666666666666,0.1481481481481481,0.96,0.2424242424242424,0.783888888888889,0.6405042353929608,0.191113449002235,96,4,46,8,74.34373600000004,0.1464683990000139
0,0,614,154,QSVM_IQP_fidelity_kernel,all8,quantum kernel (simulated),0.6948051948051948,0.6840740740740741,0.5555555555555556,0.6481481481481481,0.72,0.5982905982905983,0.79,0.6004653417275783,0.1742570854743612,72,28,19,35,0.1883095540001704,0.0188861599999654
0,1,614,154,LogisticRegression,all8,classical,0.7987012987012987,0.7385185185185186,0.8285714285714286,0.5370370370370371,0.94,0.651685393258427,0.8672222222222222,0.7726624436000934,0.1416064327832134,94,6,25,29,0.0167512269999861,0.003934855000125
0,1,614,154,SVM_RBF,all8,classical,0.7857142857142857,0.737037037037037,0.7560975609756098,0.5740740740740741,0.9,0.6526315789473685,0.8422222222222222,0.7391097966743136,0.1516597363198148,90,10,23,31,0.0492727339999419,0.0068266460000359
0,1,614,154,RandomForest,all8,classical,0.7597402597402597,0.717037037037037,0.6888888888888889,0.5740740740740741,0.86,0.6262626262626263,0.8326851851851852,0.7014561702564219,0.1604266955266955,86,14,23,31,0.9034166270000696,0.0756543569998484
0,1,614,154,HistGradientBoosting,all8,classical,0.7532467532467533,0.7162962962962962,0.6666666666666666,0.5925925925925926,0.84,0.6274509803921569,0.8285185185185185,0.724505565479152,0.1808416440549142,84,16,22,32,0.2172821479998674,0.0159717000001364
0,1,614,154,VQC_angle_SEL2,all8,quantum (simulated),0.7597402597402597,0.6659259259259259,0.9047619047619048,0.3518518518518518,0.98,0.5066666666666667,0.8387037037037037,0.7898721177665382,0.1641699637294287,98,2,35,19,72.59952206599996,0.1311436070000127
0,1,614,154,QSVM_IQP_fidelity_kernel,all8,quantum kernel (simulated),0.7662337662337663,0.7092592592592593,0.7368421052631579,0.5185185185185185,0.9,0.6086956521739131,0.8173148148148147,0.6395366483366475,0.170634557755899,90,10,26,28,0.1767917560000569,0.0198173559999759
0,2,614,154,LogisticRegression,all8,classical,0.7792207792207793,0.7277777777777779,0.75,0.5555555555555556,0.9,0.6382978723404256,0.8514814814814815,0.750370867116235,0.1498625832217046,90,10,24,30,0.0313802109999414,0.0083073830001012
0,2,614,154,SVM_RBF,all8,classical,0.7727272727272727,0.7142592592592593,0.7567567567567568,0.5185185185185185,0.91,0.6153846153846154,0.8196296296296296,0.6784246181944881,0.1666904668855784,91,9,26,28,0.1089585330000773,0.0065598520000094
0,2,614,154,RandomForest,all8,classical,0.7792207792207793,0.7448148148148148,0.7083333333333334,0.6296296296296297,0.86,0.6666666666666666,0.8391666666666667,0.7296786200412638,0.1544173160173159,86,14,20,34,1.0470553810000638,0.1027159739999206
0,2,614,154,HistGradientBoosting,all8,classical,0.7792207792207793,0.7448148148148148,0.7083333333333334,0.6296296296296297,0.86,0.6666666666666666,0.8216666666666667,0.681825564948942,0.17087834064171,86,14,20,34,0.1748304289999396,0.0151172210000822
0,2,614,154,VQC_angle_SEL2,all8,quantum (simulated),0.7727272727272727,0.7227777777777777,0.7317073170731707,0.5555555555555556,0.89,0.631578947368421,0.8496296296296295,0.7647235498206814,0.1553760348234094,89,11,24,30,79.46227640400002,0.0579672850001315
0,2,614,154,QSVM_IQP_fidelity_kernel,all8,quantum kernel (simulated),0.7207792207792207,0.6827777777777778,0.6122448979591837,0.5555555555555556,0.81,0.5825242718446602,0.7814814814814814,0.5863680080338309,0.1798554335485956,81,19,24,30,0.2195735199998125,0.0189638640001703
0,3,615,153,LogisticRegression,all8,classical,0.7516339869281046,0.6991509433962264,0.6829268292682927,0.5283018867924528,0.87,0.5957446808510638,0.8292452830188679,0.7251382392237703,0.1616280038093752,87,13,25,28,0.0122602690000803,0.0100006620000385
0,3,615,153,SVM_RBF,all8,classical,0.738562091503268,0.6847169811320755,0.6585365853658537,0.5094339622641509,0.86,0.574468085106383,0.8145283018867925,0.697371199221467,0.1675776617432117,86,14,26,27,0.0507343019999098,0.0069551270000829
0,3,615,153,RandomForest,all8,classical,0.738562091503268,0.6935849056603773,0.6444444444444445,0.5471698113207547,0.84,0.5918367346938775,0.8222641509433962,0.6990049927974564,0.1618694262890341,84,16,24,29,1.1108028610001384,0.2722469709999586
0,3,615,153,HistGradientBoosting,all8,classical,0.7581699346405228,0.739622641509434,0.6428571428571429,0.6792452830188679,0.8,0.6605504587155964,0.7988679245283019,0.6244247198296565,0.1881263410955879,80,20,17,36,0.2551008969999202,0.0071620129999701
0,3,615,153,VQC_angle_SEL2,all8,quantum (simulated),0.738562091503268,0.6581132075471698,0.7241379310344828,0.3962264150943396,0.92,0.5121951219512195,0.8039622641509434,0.6657143176403216,0.1736163877500097,92,8,32,21,67.13222868099979,0.0826316640000186
0,3,615,153,QSVM_IQP_fidelity_kernel,all8,quantum kernel (simulated),0.7189542483660131,0.6652830188679245,0.6190476190476191,0.490566037735849,0.84,0.5473684210526316,0.7935849056603774,0.5883107773285567,0.1749407691692207,84,16,27,26,0.1651149980000354,0.0144675529998039
0,4,615,153,LogisticRegression,all8,classical,0.7581699346405228,0.7351886792452831,0.6481481481481481,0.660377358490566,0.81,0.6542056074766355,0.8098113207547171,0.6846927192694324,0.1691211271552857,81,19,18,35,0.0137459649999982,0.0040918760000749
0,4,615,153,SVM_RBF,all8,classical,0.7450980392156863,0.7030188679245283,0.6521739130434783,0.5660377358490566,0.84,0.6060606060606061,0.8062264150943396,0.7183791290823897,0.1714915668467617,84,16,23,30,0.0479087329999856,0.0065208149999307
0,4,615,153,RandomForest,all8,classical,0.7450980392156863,0.7163207547169812,0.6346153846153846,0.6226415094339622,0.81,0.6285714285714286,0.7899999999999999,0.6915993321104162,0.1745978213507625,81,19,20,33,1.0733780260000003,0.1410627660000045
0,4,615,153,HistGradientBoosting,all8,classical,0.6993464052287581,0.6547169811320754,0.574468085106383,0.5094339622641509,0.8,0.54,0.7515094339622643,0.6364035041745429,0.2208147309705574,80,20,26,27,0.2660999080001147,0.0064336499999626
0,4,615,153,VQC_angle_SEL2,all8,quantum (simulated),0.7320261437908496,0.635377358490566,0.7727272727272727,0.320754716981132,0.95,0.4533333333333333,0.7749056603773585,0.6620211130332688,0.1815891663341135,95,5,36,17,73.3407529430001,0.0604502979999779
0,4,615,153,QSVM_IQP_fidelity_kernel,all8,quantum kernel (simulated),0.7254901960784313,0.710188679245283,0.5932203389830508,0.660377358490566,0.76,0.625,0.7849056603773585,0.6446917304373538,0.1792167102253385,76,24,18,35,0.1142057559998193,0.0163695230000939
1,0,614,154,LogisticRegression,all8,classical,0.7597402597402597,0.6957407407407408,0.7428571428571429,0.4814814814814814,0.91,0.5842696629213483,0.8464814814814815,0.7700650581166587,0.1535294646490207,91,9,28,26,0.0143164030000662,0.003997795000032
1,0,614,154,SVM_RBF,all8,classical,0.7337662337662337,0.6714814814814815,0.6756756756756757,0.4629629629629629,0.88,0.5494505494505495,0.8287037037037037,0.710821475809834,0.1693616134464035,88,12,29,25,0.0621547109999482,0.0115941930000644
1,0,614,154,RandomForest,all8,classical,0.7467532467532467,0.69,0.6923076923076923,0.5,0.88,0.5806451612903226,0.8292592592592593,0.7149248082681685,0.1604997835497835,88,12,27,27,1.411238481000055,0.131009572000039
1,0,614,154,HistGradientBoosting,all8,classical,0.7272727272727273,0.675,0.6428571428571429,0.5,0.85,0.5625,0.8012962962962964,0.6642908692960077,0.1877730498500878,85,15,27,27,0.1375280739998743,0.0073554509999667
1,0,614,154,VQC_angle_SEL2,all8,quantum (simulated),0.7532467532467533,0.6864814814814815,0.7352941176470589,0.4629629629629629,0.91,0.5681818181818182,0.830925925925926,0.7263914358146899,0.1653282549375329,91,9,29,25,70.04357531200003,0.1484386189999895
1,0,614,154,QSVM_IQP_fidelity_kernel,all8,quantum kernel (simulated),0.6948051948051948,0.632962962962963,0.5897435897435898,0.4259259259259259,0.84,0.4946236559139785,0.767037037037037,0.5727614547483132,0.1885355474531179,84,16,31,23,0.1027948769999511,0.0149128680000103
1,1,614,154,LogisticRegression,all8,classical,0.7987012987012987,0.747037037037037,0.7948717948717948,0.5740740740740741,0.92,0.6666666666666666,0.8637037037037038,0.7346609641754241,0.1456225892079518,92,8,23,31,0.0155187840000508,0.0073145369999565
1,1,614,154,SVM_RBF,all8,classical,0.7792207792207793,0.7192592592592593,0.7777777777777778,0.5185185185185185,0.92,0.6222222222222222,0.8744444444444445,0.7698664632728334,0.1443074960632251,92,8,26,28,0.0767884530000628,0.0065772629998264
1,1,614,154,RandomForest,all8,classical,0.8116883116883117,0.7783333333333333,0.7659574468085106,0.6666666666666666,0.89,0.7128712871287128,0.8789814814814815,0.7721857171209657,0.1361411255411255,89,11,18,36,0.9024213200000304,0.0751794679999875
1,1,614,154,HistGradientBoosting,all8,classical,0.7727272727272727,0.7440740740740741,0.6862745098039216,0.6481481481481481,0.84,0.6666666666666666,0.8511111111111112,0.7003168143406664,0.1558124794666614,84,16,19,35,0.1402633019999939,0.0064207779998923
1,1,614,154,VQC_angle_SEL2,all8,quantum (simulated),0.7077922077922078,0.6131481481481482,0.6956521739130435,0.2962962962962963,0.93,0.4155844155844156,0.8175925925925926,0.6951247788419669,0.1727512907550461,93,7,38,16,69.65275867200012,0.1105113599996912
1,1,614,154,QSVM_IQP_fidelity_kernel,all8,quantum kernel (simulated),0.7402597402597403,0.667962962962963,0.71875,0.4259259259259259,0.91,0.5348837209302325,0.8744444444444444,0.7516341689120237,0.1533233978649305,91,9,31,23,0.1182677120000335,0.0117545299999619
1,2,614,154,LogisticRegression,all8,classical,0.8051948051948052,0.7733333333333333,0.75,0.6666666666666666,0.88,0.7058823529411765,0.8483333333333333,0.6751588690055601,0.1535740375401639,88,12,18,36,0.0131540889999541,0.0035894080001526
1,2,614,154,SVM_RBF,all8,classical,0.7792207792207793,0.7362962962962962,0.7272727272727273,0.5925925925925926,0.88,0.6530612244897959,0.84,0.7380196905346158,0.1570363863215343,88,12,22,32,0.0501050699999723,0.0070069649998458
1,2,614,154,RandomForest,all8,classical,0.7857142857142857,0.7583333333333333,0.7058823529411765,0.6666666666666666,0.85,0.6857142857142857,0.8327777777777777,0.6681073773818835,0.1598088023088023,85,15,18,36,1.5709149079998497,0.2030869360000906
1,2,614,154,HistGradientBoosting,all8,classical,0.7337662337662337,0.7140740740740741,0.6140350877192983,0.6481481481481481,0.78,0.6306306306306306,0.8155555555555556,0.6832234467139783,0.188970877353788,78,22,19,35,0.1393760200000997,0.0065197379999517
1,2,614,154,VQC_angle_SEL2,all8,quantum (simulated),0.7792207792207793,0.7235185185185186,0.7631578947368421,0.5370370370370371,0.91,0.6304347826086957,0.8311111111111111,0.7443790376836045,0.1632842140832752,91,9,25,29,71.6667887550002,0.0700319379998291
1,2,614,154,QSVM_IQP_fidelity_kernel,all8,quantum kernel (simulated),0.7987012987012987,0.7811111111111111,0.7090909090909091,0.7222222222222222,0.84,0.7155963302752294,0.8605555555555555,0.7370707374615324,0.1517475512560573,84,16,15,39,0.0852880120000918,0.0165168839998841
1,3,615,153,LogisticRegression,all8,classical,0.7516339869281046,0.7080188679245283,0.6666666666666666,0.5660377358490566,0.85,0.6122448979591837,0.8218867924528301,0.7281836985399347,0.1601339935801328,85,15,23,30,0.0207599880000088,0.0044243319998713
1,3,615,153,SVM_RBF,all8,classical,0.7843137254901961,0.7418867924528302,0.7272727272727273,0.6037735849056604,0.88,0.6597938144329897,0.8105660377358491,0.7565875566378156,0.1594409650207046,88,12,21,32,0.0519544109999969,0.0074433459999454
1,3,615,153,RandomForest,all8,classical,0.7777777777777778,0.7634905660377358,0.6666666666666666,0.7169811320754716,0.81,0.6909090909090909,0.819433962264151,0.7586005418537566,0.1627552650689905,81,19,15,38,1.1581367379999392,0.1916482789999918
1,3,615,153,HistGradientBoosting,all8,classical,0.7320261437908496,0.7151886792452831,0.603448275862069,0.660377358490566,0.77,0.6306306306306306,0.7988679245283019,0.6754064443410566,0.1944577976621775,77,23,18,35,0.144406914000001,0.0065245719999893
1,3,615,153,VQC_angle_SEL2,all8,quantum (simulated),0.7124183006535948,0.6203773584905661,0.68,0.320754716981132,0.92,0.4358974358974359,0.7799999999999999,0.6612026328613723,0.1788413617996982,92,8,36,17,72.3415123220002,0.057770161999997
1,3,615,153,QSVM_IQP_fidelity_kernel,all8,quantum kernel (simulated),0.7058823529411765,0.6730188679245284,0.5769230769230769,0.5660377358490566,0.78,0.5714285714285714,0.7426415094339622,0.5757260404466555,0.1944404196285541,78,22,23,30,0.0674700530003065,0.0103365429999939
1,4,615,153,LogisticRegression,all8,classical,0.7516339869281046,0.7080188679245283,0.6666666666666666,0.5660377358490566,0.85,0.6122448979591837,0.8218867924528303,0.7263115651957408,0.1608314057714734,85,15,23,30,0.0141423410000243,0.0041285530001005
1,4,615,153,SVM_RBF,all8,classical,0.6862745098039216,0.6269811320754717,0.5609756097560976,0.4339622641509434,0.82,0.4893617021276595,0.82,0.6504246072454968,0.17560303693019,82,18,30,23,0.0488404570000966,0.0072516640002504
1,4,615,153,RandomForest,all8,classical,0.7254901960784313,0.6924528301886792,0.6078431372549019,0.5849056603773585,0.8,0.5961538461538461,0.8139622641509434,0.6688064725215747,0.1681703703703703,80,20,22,31,1.0562935709999692,0.1747243400000115
1,4,615,153,HistGradientBoosting,all8,classical,0.7189542483660131,0.6874528301886793,0.5961538461538461,0.5849056603773585,0.79,0.5904761904761905,0.7994339622641509,0.666772816715405,0.2017908850410417,79,21,22,31,0.2102049160002934,0.0068756149998989
1,4,615,153,VQC_angle_SEL2,all8,quantum (simulated),0.738562091503268,0.6492452830188679,0.76,0.3584905660377358,0.94,0.4871794871794871,0.7643396226415095,0.6578439109442384,0.1813391171234634,94,6,34,19,72.17720215200006,0.0692313489998923
1,4,615,153,QSVM_IQP_fidelity_kernel,all8,quantum kernel (simulated),0.7581699346405228,0.730754716981132,0.6538461538461539,0.6415094339622641,0.82,0.6476190476190476,0.7847169811320756,0.6167805366839918,0.1790984057771802,82,18,19,34,0.0811439730000529,0.0198667079998813
2,0,614,154,LogisticRegression,all8,classical,0.7792207792207793,0.7362962962962962,0.7272727272727273,0.5925925925925926,0.88,0.6530612244897959,0.8162962962962963,0.7085781533376346,0.162140642491299,88,12,22,32,0.0239812579998215,0.0087275850000878
2,0,614,154,SVM_RBF,all8,classical,0.7532467532467533,0.7035185185185185,0.6904761904761905,0.5370370370370371,0.87,0.6041666666666666,0.8216666666666667,0.7309969335662679,0.1590279850611504,87,13,25,29,0.0584178059998521,0.0065075110001089
2,0,614,154,RandomForest,all8,classical,0.7337662337662337,0.7225925925925927,0.6065573770491803,0.6851851851851852,0.76,0.6434782608695652,0.8021296296296296,0.6997852796511596,0.1722935064935065,76,24,17,37,1.3747047519996158,0.1160305460002746
2,0,614,154,HistGradientBoosting,all8,classical,0.7142857142857143,0.6948148148148148,0.5862068965517241,0.6296296296296297,0.76,0.6071428571428571,0.7462962962962962,0.6071812881247471,0.2195371377688996,76,24,20,34,0.2619981299999381,0.0068400940003812
2,0,614,154,VQC_angle_SEL2,all8,quantum (simulated),0.7402597402597403,0.6637037037037037,0.7333333333333333,0.4074074074074074,0.92,0.5238095238095238,0.7911111111111111,0.6933344963579948,0.1762852197683962,92,8,32,22,72.082934045,0.0577443890001632
2,0,614,154,QSVM_IQP_fidelity_kernel,all8,quantum kernel (simulated),0.7337662337662337,0.7098148148148149,0.6181818181818182,0.6296296296296297,0.79,0.6238532110091743,0.7902777777777777,0.6196133009581177,0.1754723090008743,79,21,20,34,0.0677297669999461,0.0219228820001262
2,1,614,154,LogisticRegression,all8,classical,0.7597402597402597,0.7085185185185185,0.7073170731707317,0.5370370370370371,0.88,0.6105263157894737,0.8514814814814815,0.6894391488059428,0.1531316778099468,88,12,25,29,0.0185991779999312,0.0037020310001025
2,1,614,154,SVM_RBF,all8,classical,0.7337662337662337,0.6714814814814815,0.6756756756756757,0.4629629629629629,0.88,0.5494505494505495,0.8280555555555555,0.7014381766745321,0.1644029463945139,88,12,29,25,0.0487486540000645,0.0067263339997225
2,1,614,154,RandomForest,all8,classical,0.7597402597402597,0.717037037037037,0.6888888888888889,0.5740740740740741,0.86,0.6262626262626263,0.8329629629629629,0.6790668070128365,0.1627437950937951,86,14,23,31,0.973281390000011,0.1364654569997583
2,1,614,154,HistGradientBoosting,all8,classical,0.7597402597402597,0.7212962962962963,0.6808510638297872,0.5925925925925926,0.85,0.6336633663366337,0.8033333333333333,0.6450486613806556,0.1957162459372348,85,15,22,32,0.2385623230002238,0.0148659919996134
2,1,614,154,VQC_angle_SEL2,all8,quantum (simulated),0.7532467532467533,0.6566666666666666,0.9,0.3333333333333333,0.98,0.4864864864864865,0.850925925925926,0.7827352125628392,0.161136780746302,98,2,36,18,70.10955191200037,0.0551571329997386
2,1,614,154,QSVM_IQP_fidelity_kernel,all8,quantum kernel (simulated),0.7272727272727273,0.6707407407407407,0.65,0.4814814814814814,0.86,0.5531914893617021,0.8041666666666667,0.6634380171784549,0.1693225507219516,86,14,28,26,0.1209456169999612,0.0182045799997467
2,2,614,154,LogisticRegression,all8,classical,0.7922077922077922,0.7675925925925926,0.7115384615384616,0.6851851851851852,0.85,0.6981132075471698,0.8531481481481481,0.7224882766119265,0.1491346626006811,85,15,17,37,0.0148972590000084,0.003805100000136
2,2,614,154,SVM_RBF,all8,classical,0.7727272727272727,0.7398148148148148,0.6938775510204082,0.6296296296296297,0.85,0.6601941747572816,0.8527777777777777,0.7516666805816165,0.1513093193983795,85,15,20,34,0.0516800810000859,0.0067495639996195
2,2,614,154,RandomForest,all8,classical,0.7922077922077922,0.7718518518518518,0.7037037037037037,0.7037037037037037,0.84,0.7037037037037037,0.8410185185185185,0.7160354924142931,0.1532881673881674,84,16,16,38,1.1168933949998063,0.2134583160000147
2,2,614,154,HistGradientBoosting,all8,classical,0.7727272727272727,0.7440740740740741,0.6862745098039216,0.6481481481481481,0.84,0.6666666666666666,0.8348148148148148,0.703868152548194,0.1704656294623246,84,16,19,35,0.2451494050001201,0.0103574750000916
2,2,614,154,VQC_angle_SEL2,all8,quantum (simulated),0.7792207792207793,0.7618518518518518,0.6785714285714286,0.7037037037037037,0.82,0.6909090909090909,0.8444444444444444,0.7493904793271379,0.1635548676495819,82,18,16,38,67.5647730669998,0.0597962410001855
2,2,614,154,QSVM_IQP_fidelity_kernel,all8,quantum kernel (simulated),0.7597402597402597,0.7425925925925927,0.6491228070175439,0.6851851851851852,0.8,0.6666666666666666,0.8082407407407408,0.6127718001638164,0.1711653190169207,80,20,17,37,0.0940162740002961,0.0127527770000597
2,3,615,153,LogisticRegression,all8,classical,0.7843137254901961,0.7241509433962264,0.7777777777777778,0.5283018867924528,0.92,0.6292134831460674,0.8350943396226416,0.7463900973631572,0.1541890950096161,92,8,25,28,0.011198117999811,0.0034065019999616
2,3,615,153,SVM_RBF,all8,classical,0.7581699346405228,0.6997169811320755,0.7105263157894737,0.5094339622641509,0.89,0.5934065934065934,0.8510377358490566,0.7301098501930935,0.1555806634195751,89,11,26,27,0.0480472770000233,0.0065461780000077
2,3,615,153,RandomForest,all8,classical,0.7712418300653595,0.7274528301886792,0.7045454545454546,0.5849056603773585,0.87,0.6391752577319587,0.8413207547169811,0.6962266738138919,0.1534291938997821,87,13,22,31,0.8312032469998485,0.0969699279999076
2,3,615,153,HistGradientBoosting,all8,classical,0.7647058823529411,0.7313207547169811,0.673469387755102,0.6226415094339622,0.84,0.6470588235294118,0.8132075471698114,0.6622693541598423,0.1845858705596756,84,16,20,33,0.1676846380000825,0.0082570559998202
2,3,615,153,VQC_angle_SEL2,all8,quantum (simulated),0.7320261437908496,0.630943396226415,0.8,0.3018867924528302,0.96,0.4383561643835616,0.8422641509433962,0.7199902596691256,0.1655785646392853,96,4,37,16,66.74763181100025,0.1031088439999621
2,3,615,153,QSVM_IQP_fidelity_kernel,all8,quantum kernel (simulated),0.738562091503268,0.6935849056603773,0.6444444444444445,0.5471698113207547,0.84,0.5918367346938775,0.8130188679245283,0.6663413266614089,0.164504800099165,84,16,24,29,0.2032024029999775,0.018527711000388
2,4,615,153,LogisticRegression,all8,classical,0.7320261437908496,0.6752830188679245,0.65,0.490566037735849,0.86,0.5591397849462365,0.810188679245283,0.7057266805983201,0.1674563776801088,86,14,27,26,0.0133357930003512,0.0033196199997291
2,4,615,153,SVM_RBF,all8,classical,0.7450980392156863,0.6941509433962264,0.6666666666666666,0.5283018867924528,0.86,0.5894736842105263,0.8064150943396227,0.6708114293282336,0.1683544759115671,86,14,25,28,0.1059059320000415,0.0322138800001994
2,4,615,153,RandomForest,all8,classical,0.7647058823529411,0.735754716981132,0.6666666666666666,0.6415094339622641,0.83,0.6538461538461539,0.8379245283018868,0.7194807011559573,0.1542534495279593,83,17,19,34,0.927731189000042,0.173502130000088
2,4,615,153,HistGradientBoosting,all8,classical,0.7516339869281046,0.725754716981132,0.6415094339622641,0.6415094339622641,0.81,0.6415094339622641,0.820566037735849,0.6397316497014229,0.1758455933723709,81,19,19,34,0.3398149209997427,0.0098834420000457
2,4,615,153,VQC_angle_SEL2,all8,quantum (simulated),0.6862745098039216,0.5870754716981132,0.6086956521739131,0.2641509433962264,0.91,0.3684210526315789,0.7494339622641509,0.6233882164346822,0.1894741648737593,91,9,39,14,68.17718596900022,0.1053486409996367
2,4,615,153,QSVM_IQP_fidelity_kernel,all8,quantum kernel (simulated),0.738562091503268,0.7024528301886792,0.6326530612244898,0.5849056603773585,0.82,0.6078431372549019,0.7843396226415095,0.6342640946830866,0.1764523865266118,82,18,22,31,0.0678799779998371,0.0107988820000173
3,0,614,154,LogisticRegression,all8,classical,0.7857142857142857,0.737037037037037,0.7560975609756098,0.5740740740740741,0.9,0.6526315789473685,0.8196296296296296,0.729221007995645,0.1611529542262585,90,10,23,31,0.0123385650003911,0.0043761959996118
3,0,614,154,SVM_RBF,all8,classical,0.7337662337662337,0.6799999999999999,0.6585365853658537,0.5,0.86,0.5684210526315789,0.7723148148148149,0.6514620265762844,0.1832901158037935,86,14,27,27,0.0621582050002871,0.0127212980000877
3,0,614,154,RandomForest,all8,classical,0.7402597402597403,0.6977777777777778,0.6521739130434783,0.5555555555555556,0.84,0.6,0.816574074074074,0.7003622488597844,0.1643998556998557,84,16,24,30,1.202746369000124,0.1553975000001628
3,0,614,154,HistGradientBoosting,all8,classical,0.7402597402597403,0.7062962962962962,0.64,0.5925925925925926,0.82,0.6153846153846154,0.7992592592592592,0.6741473926103251,0.1827846355579157,82,18,22,32,0.176207873000294,0.0062110439998832
3,0,614,154,VQC_angle_SEL2,all8,quantum (simulated),0.7207792207792207,0.6188888888888888,0.7894736842105263,0.2777777777777778,0.96,0.410958904109589,0.7809259259259259,0.6852220740492103,0.1822815486688048,96,4,39,15,68.94232963900004,0.1014431049998165
3,0,614,154,QSVM_IQP_fidelity_kernel,all8,quantum kernel (simulated),0.7077922077922078,0.6642592592592593,0.5957446808510638,0.5185185185185185,0.81,0.5544554455445545,0.7479629629629629,0.5967188391340468,0.1889537856481371,81,19,26,28,0.1521285899998474,0.014841336000245
3,1,614,154,LogisticRegression,all8,classical,0.7207792207792207,0.6699999999999999,0.627906976744186,0.5,0.84,0.5567010309278351,0.7946296296296297,0.638556544245376,0.1765112529584938,84,16,27,27,0.0205028219997984,0.0042061300000568
3,1,614,154,SVM_RBF,all8,classical,0.7012987012987013,0.637962962962963,0.6052631578947368,0.4259259259259259,0.85,0.5,0.7825925925925925,0.6314387785563397,0.1850549703871312,85,15,31,23,0.0883988250002403,0.0066422899999452
3,1,614,154,RandomForest,all8,classical,0.7142857142857143,0.6607407407407407,0.6190476190476191,0.4814814814814814,0.84,0.5416666666666666,0.7712962962962961,0.605340441836615,0.1854367965367965,84,16,28,26,1.1715152850001689,0.1289471919999414
3,1,614,154,HistGradientBoosting,all8,classical,0.7077922077922078,0.6642592592592593,0.5957446808510638,0.5185185185185185,0.81,0.5544554455445545,0.7577777777777778,0.5856467357122785,0.2246869974320376,81,19,26,28,0.1405367470001692,0.0070462539997606
3,1,614,154,VQC_angle_SEL2,all8,quantum (simulated),0.7142857142857143,0.6138888888888889,0.75,0.2777777777777778,0.95,0.4054054054054054,0.7885185185185185,0.6818758605989266,0.1829920322118855,95,5,39,15,72.94218158500007,0.1074512949999189
3,1,614,154,QSVM_IQP_fidelity_kernel,all8,quantum kernel (simulated),0.7012987012987013,0.6635185185185186,0.58,0.5370370370370371,0.79,0.5576923076923077,0.789074074074074,0.6202657765483008,0.1782134244442678,79,21,25,29,0.062845231999745,0.0103765840003688
3,2,614,154,LogisticRegression,all8,classical,0.7857142857142857,0.7455555555555555,0.7333333333333333,0.6111111111111112,0.88,0.6666666666666666,0.8487037037037038,0.7864352261281883,0.1448339205456222,88,12,21,33,0.0166451710001638,0.0043004199997085
3,2,614,154,SVM_RBF,all8,classical,0.7987012987012987,0.7427777777777778,0.8108108108108109,0.5555555555555556,0.93,0.6593406593406593,0.8564814814814814,0.7652900553595905,0.1498734158915924,93,7,24,30,0.0495409260001906,0.0066496979998191
3,2,614,154,RandomForest,all8,classical,0.8181818181818182,0.7833333333333333,0.782608695652174,0.6666666666666666,0.9,0.72,0.8492592592592594,0.7940253935026702,0.1459165223665223,90,10,18,36,1.157217502000094,0.0902388489998884
3,2,614,154,HistGradientBoosting,all8,classical,0.7727272727272727,0.7611111111111111,0.6610169491525424,0.7222222222222222,0.8,0.6902654867256637,0.8237037037037036,0.7447142362123371,0.1732355475411057,80,20,15,39,0.2674203060000764,0.0072090749999915
3,2,614,154,VQC_angle_SEL2,all8,quantum (simulated),0.8051948051948052,0.769074074074074,0.7608695652173914,0.6481481481481481,0.89,0.7,0.8385185185185184,0.7464653696887785,0.1622984727872211,89,11,19,35,70.12365187800015,0.0747046000001319
3,2,614,154,QSVM_IQP_fidelity_kernel,all8,quantum kernel (simulated),0.7337662337662337,0.6885185185185185,0.6444444444444445,0.5370370370370371,0.84,0.5858585858585859,0.8025925925925925,0.7026203787311432,0.1718009427971285,84,16,25,29,0.0662688290003643,0.0105618949996824
3,3,615,153,LogisticRegression,all8,classical,0.7843137254901961,0.7418867924528302,0.7272727272727273,0.6037735849056604,0.88,0.6597938144329897,0.8705660377358491,0.7453892672189301,0.143164611564298,88,12,21,32,0.0130095810000057,0.0033702880000419
3,3,615,153,SVM_RBF,all8,classical,0.7777777777777778,0.7413207547169811,0.7021276595744681,0.6226415094339622,0.86,0.66,0.858679245283019,0.7989025687465552,0.1439437579711906,86,14,20,33,0.0613890919998993,0.0063853170004222
3,3,615,153,RandomForest,all8,classical,0.803921568627451,0.7746226415094339,0.7346938775510204,0.6792452830188679,0.87,0.7058823529411765,0.8674528301886792,0.803459626686792,0.1385555555555555,87,13,17,36,1.0217619910004032,0.1896362959996622
3,3,615,153,HistGradientBoosting,all8,classical,0.7777777777777778,0.745754716981132,0.6938775510204082,0.6415094339622641,0.85,0.6666666666666666,0.8728301886792453,0.7811125384749082,0.1451920178292541,85,15,19,34,0.2155133339997519,0.0229572230000485
3,3,615,153,VQC_angle_SEL2,all8,quantum (simulated),0.7777777777777778,0.7058490566037736,0.8064516129032258,0.4716981132075472,0.94,0.5952380952380952,0.8369811320754718,0.7548176880273576,0.1608788297305746,94,6,28,25,70.58918806199972,0.063415470000109
3,3,615,153,QSVM_IQP_fidelity_kernel,all8,quantum kernel (simulated),0.8169934640522876,0.7934905660377358,0.7450980392156863,0.7169811320754716,0.87,0.7307692307692307,0.8512264150943396,0.7240592737544905,0.1541675445984119,87,13,15,38,0.0770584950000738,0.0102684060002502
3,4,615,153,LogisticRegression,all8,classical,0.738562091503268,0.6935849056603773,0.6444444444444445,0.5471698113207547,0.84,0.5918367346938775,0.8369811320754716,0.7057144510005628,0.1583851404822724,84,16,24,29,0.0143933980002657,0.0041650859998298
3,4,615,153,SVM_RBF,all8,classical,0.7254901960784313,0.6835849056603773,0.6170212765957447,0.5471698113207547,0.82,0.58,0.814622641509434,0.6781041888215306,0.1688902186615285,82,18,24,29,0.051667069999894,0.0064184150000983
3,4,615,153,RandomForest,all8,classical,0.7581699346405228,0.7351886792452831,0.6481481481481481,0.660377358490566,0.81,0.6542056074766355,0.829811320754717,0.722442146679648,0.1585415395787944,81,19,18,35,1.2048552769997514,0.0834807770002044
3,4,615,153,HistGradientBoosting,all8,classical,0.7516339869281046,0.7213207547169811,0.6470588235294118,0.6226415094339622,0.82,0.6346153846153846,0.8430188679245283,0.7459748989443978,0.1718342833088528,82,18,20,33,0.1394391999997424,0.0066857860001618
3,4,615,153,VQC_angle_SEL2,all8,quantum (simulated),0.7320261437908496,0.6486792452830189,0.7142857142857143,0.3773584905660377,0.92,0.4938271604938271,0.8232075471698113,0.6872847028834066,0.1660755159504499,92,8,33,20,72.6503389100003,0.0824526129999867
3,4,615,153,QSVM_IQP_fidelity_kernel,all8,quantum kernel (simulated),0.6928104575163399,0.6319811320754717,0.575,0.4339622641509434,0.83,0.4946236559139785,0.7475471698113207,0.5509538585596366,0.1950032731954983,83,17,30,23,0.1106576400002268,0.0104129699998338
4,0,614,154,LogisticRegression,all8,classical,0.7857142857142857,0.7114814814814815,0.8620689655172413,0.4629629629629629,0.96,0.6024096385542169,0.8242592592592592,0.7358994170806016,0.1606232787337979,96,4,29,25,0.0117753959998481,0.003949005999857
4,0,614,154,SVM_RBF,all8,classical,0.7792207792207793,0.7277777777777779,0.75,0.5555555555555556,0.9,0.6382978723404256,0.8225,0.7059712790273961,0.1650986591804789,90,10,24,30,0.0563304100001005,0.0072719299996606
4,0,614,154,RandomForest,all8,classical,0.7402597402597403,0.6935185185185185,0.6590909090909091,0.5370370370370371,0.85,0.5918367346938775,0.7959259259259258,0.6478498246135266,0.1775049783549783,85,15,25,29,1.0040613510000185,0.1087295779998385
4,0,614,154,HistGradientBoosting,all8,classical,0.6753246753246753,0.617962962962963,0.5476190476190477,0.4259259259259259,0.81,0.4791666666666667,0.7859259259259259,0.6432520447926613,0.2151444956865017,81,19,31,23,0.2930005469997923,0.0125305260003187
4,0,614,154,VQC_angle_SEL2,all8,quantum (simulated),0.7207792207792207,0.6487037037037037,0.6666666666666666,0.4074074074074074,0.89,0.5057471264367817,0.7822222222222223,0.6787946623785704,0.1775035591490176,89,11,32,22,70.92743235700027,0.1397521119997691
4,0,614,154,QSVM_IQP_fidelity_kernel,all8,quantum kernel (simulated),0.7272727272727273,0.6877777777777778,0.625,0.5555555555555556,0.82,0.5882352941176471,0.7818518518518518,0.5840855369575716,0.1822926599385816,82,18,24,30,0.075100687000031,0.0148104790000616
4,1,614,154,LogisticRegression,all8,classical,0.8051948051948052,0.7733333333333333,0.75,0.6666666666666666,0.88,0.7058823529411765,0.8751851851851852,0.7849354533529999,0.1376814445374022,88,12,18,36,0.0205616500002179,0.0056316039999728
4,1,614,154,SVM_RBF,all8,classical,0.7402597402597403,0.6764814814814815,0.6944444444444444,0.4629629629629629,0.89,0.5555555555555556,0.8459259259259259,0.7261583756779051,0.156664391054759,89,11,29,25,0.0506324140001197,0.0070460480001202
4,1,614,154,RandomForest,all8,classical,0.7662337662337663,0.722037037037037,0.7045454545454546,0.5740740740740741,0.87,0.6326530612244898,0.8433333333333333,0.7615154868705393,0.1525261904761904,87,13,23,31,1.2990100980000534,0.146664643999884
4,1,614,154,HistGradientBoosting,all8,classical,0.7467532467532467,0.7112962962962963,0.6530612244897959,0.5925925925925926,0.83,0.6213592233009708,0.795,0.7022106590473298,0.192758444743095,83,17,22,32,0.1426739159996941,0.0069545520000247
4,1,614,154,VQC_angle_SEL2,all8,quantum (simulated),0.7532467532467533,0.6864814814814815,0.7352941176470589,0.4629629629629629,0.91,0.5681818181818182,0.8440740740740741,0.7418525205857278,0.1593757301836076,91,9,29,25,73.58765403400002,0.0558384699997986
4,1,614,154,QSVM_IQP_fidelity_kernel,all8,quantum kernel (simulated),0.7792207792207793,0.7575925925925926,0.6851851851851852,0.6851851851851852,0.83,0.6851851851851852,0.8198148148148148,0.6727274548761827,0.1653922522857841,83,17,17,37,0.0647325699997054,0.0101852570001028
4,2,614,154,LogisticRegression,all8,classical,0.7467532467532467,0.7155555555555555,0.6470588235294118,0.6111111111111112,0.82,0.6285714285714286,0.8224074074074075,0.6182415973398682,0.1714869642953494,82,18,21,33,0.0172856120002506,0.0101903499999025
4,2,614,154,SVM_RBF,all8,classical,0.7272727272727273,0.692037037037037,0.62,0.5740740740740741,0.81,0.5961538461538461,0.8127777777777777,0.6636738584354405,0.1777860419791363,81,19,23,31,0.0497668050002175,0.0067189229998803
4,2,614,154,RandomForest,all8,classical,0.7337662337662337,0.7055555555555556,0.6226415094339622,0.6111111111111112,0.8,0.616822429906542,0.8199074074074075,0.6534911179554772,0.1694347763347763,80,20,21,33,1.198759438000252,0.0733525549999285
4,2,614,154,HistGradientBoosting,all8,classical,0.6948051948051948,0.6670370370370371,0.5636363636363636,0.5740740740740741,0.76,0.5688073394495413,0.7961111111111111,0.6038729570723266,0.2153530221624485,76,24,23,31,0.1424635250000392,0.0063718720002725
4,2,614,154,VQC_angle_SEL2,all8,quantum (simulated),0.7337662337662337,0.6459259259259259,0.76,0.3518518518518518,0.94,0.4810126582278481,0.8246296296296296,0.6981609948069759,0.1681758542703496,94,6,35,19,72.74380936999978,0.0558365910001157
4,2,614,154,QSVM_IQP_fidelity_kernel,all8,quantum kernel (simulated),0.7272727272727273,0.675,0.6428571428571429,0.5,0.85,0.5625,0.8250000000000001,0.6342178085404454,0.1659998024561256,85,15,27,27,0.0632776079996801,0.0102041300001474
4,3,615,153,LogisticRegression,all8,classical,0.7189542483660131,0.6564150943396226,0.631578947368421,0.4528301886792453,0.86,0.5274725274725275,0.8088679245283019,0.694681559714473,0.1728310256840853,86,14,29,24,0.0184182580001106,0.0039350299998659
4,3,615,153,SVM_RBF,all8,classical,0.6993464052287581,0.6281132075471698,0.6,0.3962264150943396,0.86,0.4772727272727273,0.8077358490566037,0.6765347977019619,0.178882689834216,86,14,32,21,0.0922187480000502,0.0111510320002707
4,3,615,153,RandomForest,all8,classical,0.738562091503268,0.6935849056603773,0.6444444444444445,0.5471698113207547,0.84,0.5918367346938775,0.8338679245283019,0.7244632186006644,0.156257443718228,84,16,24,29,0.9509777690000192,0.193285294999896
4,3,615,153,HistGradientBoosting,all8,classical,0.7581699346405228,0.7218867924528302,0.6666666666666666,0.6037735849056604,0.84,0.6336633663366337,0.8322641509433962,0.6926331668681747,0.1689107749720465,84,16,21,32,0.1406343180001386,0.0066769239997483
4,3,615,153,VQC_angle_SEL2,all8,quantum (simulated),0.7254901960784313,0.6525471698113208,0.6666666666666666,0.4150943396226415,0.89,0.5116279069767442,0.790188679245283,0.6696554341685161,0.1752783633153618,89,11,31,22,68.48836686999994,0.0611081239999293
4,3,615,153,QSVM_IQP_fidelity_kernel,all8,quantum kernel (simulated),0.673202614379085,0.6258490566037735,0.5319148936170213,0.4716981132075472,0.78,0.5,0.7383018867924528,0.5809190001027549,0.1917422610101562,78,22,28,25,0.070218590999957,0.0108504919999177
4,4,615,153,LogisticRegression,all8,classical,0.7908496732026143,0.7424528301886792,0.7560975609756098,0.5849056603773585,0.9,0.6595744680851063,0.8422641509433961,0.793234523346125,0.1440332254023077,90,10,22,31,0.0117601729998568,0.0037588160002997
4,4,615,153,SVM_RBF,all8,classical,0.7973856209150327,0.7518867924528302,0.7619047619047619,0.6037735849056604,0.9,0.6736842105263158,0.8473584905660377,0.7821620771696769,0.146319931944617,90,10,21,32,0.0484437019999859,0.0062464809998346
4,4,615,153,RandomForest,all8,classical,0.8104575163398693,0.7929245283018868,0.7222222222222222,0.7358490566037735,0.85,0.7289719626168224,0.8553773584905661,0.7844518482951134,0.1439531590413943,85,15,14,39,0.8391713420000997,0.0809678059999896
4,4,615,153,HistGradientBoosting,all8,classical,0.7777777777777778,0.7634905660377358,0.6666666666666666,0.7169811320754716,0.81,0.6909090909090909,0.830566037735849,0.754171783863142,0.160366692006244,81,19,15,38,0.140707769999608,0.0067301340000085
4,4,615,153,VQC_angle_SEL2,all8,quantum (simulated),0.7777777777777778,0.7058490566037736,0.8064516129032258,0.4716981132075472,0.94,0.5952380952380952,0.82,0.7632831187252181,0.1622426164368908,94,6,28,25,48.95384055500017,0.0569202619999487
4,4,615,153,QSVM_IQP_fidelity_kernel,all8,quantum kernel (simulated),0.7516339869281046,0.6902830188679245,0.7027027027027027,0.490566037735849,0.89,0.5777777777777777,0.809433962264151,0.6817584866922775,0.1651918991810425,89,11,27,26,0.0656775129996276,0.0101564569999936
