family,model,features,accuracy,balanced_accuracy,precision,recall_sensitivity,specificity,f1,roc_auc,pr_auc,brier,train_s,infer_s,n_train
classical,HistGradientBoosting,all,0.810 ± 0.044,0.806 ± 0.044,0.816 ± 0.069,0.765 ± 0.076,0.848 ± 0.071,0.786 ± 0.050,0.887 ± 0.040,0.878 ± 0.046,0.147 ± 0.035,0.132 ± 0.043,0.011 ± 0.004,242
classical,LogisticRegression,all,0.849 ± 0.047,0.846 ± 0.047,0.867 ± 0.068,0.797 ± 0.063,0.894 ± 0.059,0.829 ± 0.054,0.911 ± 0.040,0.906 ± 0.046,0.117 ± 0.030,0.031 ± 0.011,0.010 ± 0.004,242
classical,RandomForest,all,0.822 ± 0.050,0.819 ± 0.050,0.830 ± 0.075,0.778 ± 0.077,0.860 ± 0.071,0.800 ± 0.057,0.905 ± 0.038,0.899 ± 0.044,0.126 ± 0.023,0.831 ± 0.134,0.122 ± 0.028,242
classical,SVM_RBF,all,0.840 ± 0.046,0.838 ± 0.046,0.839 ± 0.067,0.813 ± 0.075,0.862 ± 0.070,0.822 ± 0.051,0.903 ± 0.042,0.894 ± 0.055,0.122 ± 0.026,0.032 ± 0.010,0.011 ± 0.006,242
classical,HistGradientBoosting,select8,0.801 ± 0.040,0.797 ± 0.040,0.811 ± 0.066,0.747 ± 0.067,0.848 ± 0.066,0.775 ± 0.046,0.865 ± 0.040,0.869 ± 0.038,0.153 ± 0.029,0.105 ± 0.043,0.013 ± 0.009,242
classical,LogisticRegression,select8,0.852 ± 0.042,0.848 ± 0.042,0.872 ± 0.064,0.800 ± 0.067,0.896 ± 0.062,0.832 ± 0.048,0.910 ± 0.038,0.907 ± 0.046,0.115 ± 0.027,0.027 ± 0.014,0.011 ± 0.008,242
quantum kernel (simulated),QSVM_IQP_fidelity_kernel,select8,0.764 ± 0.063,0.763 ± 0.061,0.750 ± 0.094,0.748 ± 0.079,0.777 ± 0.102,0.745 ± 0.062,0.841 ± 0.061,0.827 ± 0.071,0.164 ± 0.033,0.025 ± 0.013,0.005 ± 0.002,242
classical,RandomForest,select8,0.805 ± 0.043,0.802 ± 0.042,0.801 ± 0.076,0.775 ± 0.065,0.829 ± 0.076,0.785 ± 0.045,0.888 ± 0.038,0.892 ± 0.037,0.135 ± 0.025,0.856 ± 0.114,0.124 ± 0.028,242
classical,SVM_RBF,select8,0.836 ± 0.044,0.832 ± 0.043,0.847 ± 0.075,0.793 ± 0.065,0.872 ± 0.074,0.816 ± 0.047,0.906 ± 0.038,0.905 ± 0.042,0.120 ± 0.026,0.029 ± 0.009,0.010 ± 0.005,242
quantum (simulated),VQC_angle_SEL2,select8,0.684 ± 0.060,0.679 ± 0.059,0.681 ± 0.083,0.610 ± 0.099,0.748 ± 0.100,0.638 ± 0.068,0.721 ± 0.060,0.696 ± 0.065,0.214 ± 0.021,26.069 ± 4.955,0.042 ± 0.015,242
