fold,n_train,n_test,model,features,family,accuracy,balanced_accuracy,macro_f1,macro_roc_auc_ovr,sensitivity_BRCA,sensitivity_COAD,sensitivity_KIRC,sensitivity_LUAD,sensitivity_PRAD,confusion_matrix,train_s,infer_s
0,640,161,LogisticRegression_L2,var2000,classical,1.0,1.0,1.0,1.0,1.0,1.0,1.0,1.0,1.0,"[[60, 0, 0, 0, 0], [0, 16, 0, 0, 0], [0, 0, 29, 0, 0], [0, 0, 0, 28, 0], [0, 0, 0, 0, 28]]",0.7691610480000008,0.004348833999983981
0,640,161,SVM_RBF,var2000,classical,1.0,1.0,1.0,1.0,1.0,1.0,1.0,1.0,1.0,"[[60, 0, 0, 0, 0], [0, 16, 0, 0, 0], [0, 0, 29, 0, 0], [0, 0, 0, 28, 0], [0, 0, 0, 0, 28]]",1.0292123680000032,0.05210508699997263
0,640,161,RandomForest,var2000,classical,1.0,1.0,1.0,1.0,1.0,1.0,1.0,1.0,1.0,"[[60, 0, 0, 0, 0], [0, 16, 0, 0, 0], [0, 0, 29, 0, 0], [0, 0, 0, 28, 0], [0, 0, 0, 0, 28]]",2.589169888000015,0.028678843000079723
0,640,161,LogisticRegression_L2,pca8,classical,1.0,1.0,1.0,1.0,1.0,1.0,1.0,1.0,1.0,"[[60, 0, 0, 0, 0], [0, 16, 0, 0, 0], [0, 0, 29, 0, 0], [0, 0, 0, 28, 0], [0, 0, 0, 0, 28]]",0.1996775920000573,0.006240283000011004
0,640,161,SVM_RBF,pca8,classical,1.0,1.0,1.0,1.0,1.0,1.0,1.0,1.0,1.0,"[[60, 0, 0, 0, 0], [0, 16, 0, 0, 0], [0, 0, 29, 0, 0], [0, 0, 0, 28, 0], [0, 0, 0, 0, 28]]",0.21499924299996565,0.00935715799994341
0,640,161,RandomForest,pca8,classical,1.0,1.0,1.0,1.0,1.0,1.0,1.0,1.0,1.0,"[[60, 0, 0, 0, 0], [0, 16, 0, 0, 0], [0, 0, 29, 0, 0], [0, 0, 0, 28, 0], [0, 0, 0, 0, 28]]",0.6919691079999666,0.028181276000054822
0,640,161,QSVM_IQP_fidelity_kernel,pca8,quantum kernel (simulated),0.9254658385093167,0.9045566502463054,0.9308780108780109,0.998414966714272,1.0,0.875,0.8620689655172413,0.8571428571428571,0.9285714285714286,"[[60, 0, 0, 0, 0], [2, 14, 0, 0, 0], [4, 0, 25, 0, 0], [4, 0, 0, 24, 0], [2, 0, 0, 0, 26]]",0.057487943999944946,0.012437682000040695
0,640,161,VQC_angle_SEL2_one_vs_rest,pca8,quantum (simulated),1.0,1.0,1.0,1.0,1.0,1.0,1.0,1.0,1.0,"[[60, 0, 0, 0, 0], [0, 16, 0, 0, 0], [0, 0, 29, 0, 0], [0, 0, 0, 28, 0], [0, 0, 0, 0, 28]]",217.65413998399993,0.2207950010000559
1,641,160,LogisticRegression_L2,var2000,classical,1.0,1.0,1.0,1.0,1.0,1.0,1.0,1.0,1.0,"[[60, 0, 0, 0, 0], [0, 15, 0, 0, 0], [0, 0, 29, 0, 0], [0, 0, 0, 29, 0], [0, 0, 0, 0, 27]]",0.675568582999972,0.004534661000093365
1,641,160,SVM_RBF,var2000,classical,0.99375,0.9925925925925926,0.9945735225323562,1.0,1.0,1.0,1.0,1.0,0.9629629629629629,"[[60, 0, 0, 0, 0], [0, 15, 0, 0, 0], [0, 0, 29, 0, 0], [0, 0, 0, 29, 0], [1, 0, 0, 0, 26]]",0.9347581800000171,0.04565157000001818
1,641,160,RandomForest,var2000,classical,1.0,1.0,1.0,1.0,1.0,1.0,1.0,1.0,1.0,"[[60, 0, 0, 0, 0], [0, 15, 0, 0, 0], [0, 0, 29, 0, 0], [0, 0, 0, 29, 0], [0, 0, 0, 0, 27]]",2.256691931999967,0.024715066999988267
1,641,160,LogisticRegression_L2,pca8,classical,1.0,1.0,1.0,1.0,1.0,1.0,1.0,1.0,1.0,"[[60, 0, 0, 0, 0], [0, 15, 0, 0, 0], [0, 0, 29, 0, 0], [0, 0, 0, 29, 0], [0, 0, 0, 0, 27]]",0.1750574410000354,0.005085891000021547
1,641,160,SVM_RBF,pca8,classical,0.99375,0.9925925925925926,0.9945735225323562,1.0,1.0,1.0,1.0,1.0,0.9629629629629629,"[[60, 0, 0, 0, 0], [0, 15, 0, 0, 0], [0, 0, 29, 0, 0], [0, 0, 0, 29, 0], [1, 0, 0, 0, 26]]",0.17160217100001773,0.00581057800002327
1,641,160,RandomForest,pca8,classical,1.0,1.0,1.0,1.0,1.0,1.0,1.0,1.0,1.0,"[[60, 0, 0, 0, 0], [0, 15, 0, 0, 0], [0, 0, 29, 0, 0], [0, 0, 0, 29, 0], [0, 0, 0, 0, 27]]",0.6663375520000727,0.026338060999933077
1,641,160,QSVM_IQP_fidelity_kernel,pca8,quantum kernel (simulated),0.95625,0.9447765006385695,0.9602542932710095,0.9996166528822421,1.0,0.9333333333333333,0.896551724137931,0.9310344827586207,0.9629629629629629,"[[60, 0, 0, 0, 0], [1, 14, 0, 0, 0], [3, 0, 26, 0, 0], [2, 0, 0, 27, 0], [1, 0, 0, 0, 26]]",0.052565712000046005,0.011301217999971414
1,641,160,VQC_angle_SEL2_one_vs_rest,pca8,quantum (simulated),0.95,0.9733333333333334,0.9607859936673495,0.9951000000000001,0.8666666666666667,1.0,1.0,1.0,1.0,"[[52, 0, 1, 7, 0], [0, 15, 0, 0, 0], [0, 0, 29, 0, 0], [0, 0, 0, 29, 0], [0, 0, 0, 0, 27]]",201.60973452099984,0.21257487800005492
2,641,160,LogisticRegression_L2,var2000,classical,1.0,1.0,1.0,1.0,1.0,1.0,1.0,1.0,1.0,"[[60, 0, 0, 0, 0], [0, 15, 0, 0, 0], [0, 0, 30, 0, 0], [0, 0, 0, 28, 0], [0, 0, 0, 0, 27]]",0.7532263639999428,0.005822809000051166
2,641,160,SVM_RBF,var2000,classical,0.99375,0.9928571428571429,0.994710743801653,1.0,1.0,1.0,1.0,0.9642857142857143,1.0,"[[60, 0, 0, 0, 0], [0, 15, 0, 0, 0], [0, 0, 30, 0, 0], [1, 0, 0, 27, 0], [0, 0, 0, 0, 27]]",0.9657755719999841,0.043436740999936774
2,641,160,RandomForest,var2000,classical,0.99375,0.9928571428571429,0.994710743801653,1.0,1.0,1.0,1.0,0.9642857142857143,1.0,"[[60, 0, 0, 0, 0], [0, 15, 0, 0, 0], [0, 0, 30, 0, 0], [1, 0, 0, 27, 0], [0, 0, 0, 0, 27]]",2.3593455500000573,0.029980016999957115
2,641,160,LogisticRegression_L2,pca8,classical,1.0,1.0,1.0,1.0,1.0,1.0,1.0,1.0,1.0,"[[60, 0, 0, 0, 0], [0, 15, 0, 0, 0], [0, 0, 30, 0, 0], [0, 0, 0, 28, 0], [0, 0, 0, 0, 27]]",0.21632444099998338,0.00524035199998707
2,641,160,SVM_RBF,pca8,classical,0.99375,0.9928571428571429,0.994710743801653,1.0,1.0,1.0,1.0,0.9642857142857143,1.0,"[[60, 0, 0, 0, 0], [0, 15, 0, 0, 0], [0, 0, 30, 0, 0], [1, 0, 0, 27, 0], [0, 0, 0, 0, 27]]",0.212804895999966,0.00640898599999673
2,641,160,RandomForest,pca8,classical,0.99375,0.9928571428571429,0.994710743801653,1.0,1.0,1.0,1.0,0.9642857142857143,1.0,"[[60, 0, 0, 0, 0], [0, 15, 0, 0, 0], [0, 0, 30, 0, 0], [1, 0, 0, 27, 0], [0, 0, 0, 0, 27]]",0.7183022579999943,0.030917864000002737
2,641,160,QSVM_IQP_fidelity_kernel,pca8,quantum kernel (simulated),0.91875,0.8946560846560846,0.9236610186724418,0.9984671147565883,1.0,0.8666666666666667,0.9333333333333333,0.8214285714285714,0.8518518518518519,"[[60, 0, 0, 0, 0], [2, 13, 0, 0, 0], [2, 0, 28, 0, 0], [5, 0, 0, 23, 0], [4, 0, 0, 0, 23]]",0.057178292999992664,0.011993996999990486
2,641,160,VQC_angle_SEL2_one_vs_rest,pca8,quantum (simulated),0.95,0.9733333333333334,0.9607142857142857,0.9986004329004331,0.8666666666666667,1.0,1.0,1.0,1.0,"[[52, 0, 0, 8, 0], [0, 15, 0, 0, 0], [0, 0, 30, 0, 0], [0, 0, 0, 28, 0], [0, 0, 0, 0, 27]]",204.7290092039999,0.1956356590001178
3,641,160,LogisticRegression_L2,var2000,classical,1.0,1.0,1.0,1.0,1.0,1.0,1.0,1.0,1.0,"[[60, 0, 0, 0, 0], [0, 16, 0, 0, 0], [0, 0, 29, 0, 0], [0, 0, 0, 28, 0], [0, 0, 0, 0, 27]]",0.7524337260000493,0.005411137000010058
3,641,160,SVM_RBF,var2000,classical,1.0,1.0,1.0,1.0,1.0,1.0,1.0,1.0,1.0,"[[60, 0, 0, 0, 0], [0, 16, 0, 0, 0], [0, 0, 29, 0, 0], [0, 0, 0, 28, 0], [0, 0, 0, 0, 27]]",1.029408472,0.05061955399992257
3,641,160,RandomForest,var2000,classical,1.0,1.0,1.0,1.0,1.0,1.0,1.0,1.0,1.0,"[[60, 0, 0, 0, 0], [0, 16, 0, 0, 0], [0, 0, 29, 0, 0], [0, 0, 0, 28, 0], [0, 0, 0, 0, 27]]",2.4869402170000967,0.027057698999897184
3,641,160,LogisticRegression_L2,pca8,classical,1.0,1.0,1.0,1.0,1.0,1.0,1.0,1.0,1.0,"[[60, 0, 0, 0, 0], [0, 16, 0, 0, 0], [0, 0, 29, 0, 0], [0, 0, 0, 28, 0], [0, 0, 0, 0, 27]]",0.18238420799991673,0.005114707000075214
3,641,160,SVM_RBF,pca8,classical,1.0,1.0,1.0,1.0,1.0,1.0,1.0,1.0,1.0,"[[60, 0, 0, 0, 0], [0, 16, 0, 0, 0], [0, 0, 29, 0, 0], [0, 0, 0, 28, 0], [0, 0, 0, 0, 27]]",0.2007877070000177,0.005759954000041034
3,641,160,RandomForest,pca8,classical,1.0,1.0,1.0,1.0,1.0,1.0,1.0,1.0,1.0,"[[60, 0, 0, 0, 0], [0, 16, 0, 0, 0], [0, 0, 29, 0, 0], [0, 0, 0, 28, 0], [0, 0, 0, 0, 27]]",0.6532732110000552,0.028647732999957043
3,641,160,QSVM_IQP_fidelity_kernel,pca8,quantum kernel (simulated),0.89375,0.8733328772121876,0.9033072711696823,0.9988511566418605,1.0,0.9375,0.7241379310344828,0.9642857142857143,0.7407407407407407,"[[60, 0, 0, 0, 0], [1, 15, 0, 0, 0], [8, 0, 21, 0, 0], [1, 0, 0, 27, 0], [7, 0, 0, 0, 20]]",0.05027657999994517,0.01129207500002849
3,641,160,VQC_angle_SEL2_one_vs_rest,pca8,quantum (simulated),0.975,0.9866666666666667,0.9802002224694105,0.9986908189288911,0.9333333333333333,1.0,1.0,1.0,1.0,"[[56, 0, 4, 0, 0], [0, 16, 0, 0, 0], [0, 0, 29, 0, 0], [0, 0, 0, 28, 0], [0, 0, 0, 0, 27]]",210.88044620100004,0.2531510559999788
4,641,160,LogisticRegression_L2,var2000,classical,0.99375,0.9928571428571429,0.994710743801653,1.0,1.0,1.0,1.0,0.9642857142857143,1.0,"[[60, 0, 0, 0, 0], [0, 16, 0, 0, 0], [0, 0, 29, 0, 0], [1, 0, 0, 27, 0], [0, 0, 0, 0, 27]]",0.652244243000041,0.00449057699995592
4,641,160,SVM_RBF,var2000,classical,0.9875,0.9803571428571429,0.9847526373919336,0.9999458874458874,1.0,0.9375,1.0,0.9642857142857143,1.0,"[[60, 0, 0, 0, 0], [0, 15, 0, 1, 0], [0, 0, 29, 0, 0], [1, 0, 0, 27, 0], [0, 0, 0, 0, 27]]",0.9810425540000551,0.05536768799993297
4,641,160,RandomForest,var2000,classical,0.9875,0.9857142857142858,0.9893139040680025,1.0,1.0,1.0,1.0,0.9285714285714286,1.0,"[[60, 0, 0, 0, 0], [0, 16, 0, 0, 0], [0, 0, 29, 0, 0], [2, 0, 0, 26, 0], [0, 0, 0, 0, 27]]",2.7603949609999745,0.037981214000069485
4,641,160,LogisticRegression_L2,pca8,classical,0.99375,0.9928571428571429,0.994710743801653,1.0,1.0,1.0,1.0,0.9642857142857143,1.0,"[[60, 0, 0, 0, 0], [0, 16, 0, 0, 0], [0, 0, 29, 0, 0], [1, 0, 0, 27, 0], [0, 0, 0, 0, 27]]",0.5228824460000396,0.004866554999921391
4,641,160,SVM_RBF,pca8,classical,0.9875,0.9859605911330049,0.9895761759092216,0.9998917748917748,1.0,1.0,0.9655172413793104,0.9642857142857143,1.0,"[[60, 0, 0, 0, 0], [0, 16, 0, 0, 0], [1, 0, 28, 0, 0], [1, 0, 0, 27, 0], [0, 0, 0, 0, 27]]",0.15184723699996994,0.00539563300003465
4,641,160,RandomForest,pca8,classical,1.0,1.0,1.0,1.0,1.0,1.0,1.0,1.0,1.0,"[[60, 0, 0, 0, 0], [0, 16, 0, 0, 0], [0, 0, 29, 0, 0], [0, 0, 0, 28, 0], [0, 0, 0, 0, 27]]",0.6215751649999675,0.028652034000060667
4,641,160,QSVM_IQP_fidelity_kernel,pca8,quantum kernel (simulated),0.9125,0.8731595511767924,0.9059254791762532,0.9909950036075035,1.0,0.6875,0.896551724137931,0.8928571428571429,0.8888888888888888,"[[60, 0, 0, 0, 0], [4, 11, 0, 1, 0], [3, 0, 26, 0, 0], [3, 0, 0, 25, 0], [3, 0, 0, 0, 24]]",0.061754336999911175,0.013505664000035722
4,641,160,VQC_angle_SEL2_one_vs_rest,pca8,quantum (simulated),0.975,0.9663177339901479,0.9742524754773708,0.9960379085599917,1.0,0.9375,0.9655172413793104,0.9285714285714286,1.0,"[[60, 0, 0, 0, 0], [0, 15, 0, 1, 0], [1, 0, 28, 0, 0], [2, 0, 0, 26, 0], [0, 0, 0, 0, 27]]",213.80342971599998,0.19414641499997742
