features,model,accuracy,balanced_accuracy,macro_f1,macro_roc_auc_ovr,sensitivity_N,ppv_N,sensitivity_S,ppv_S,sensitivity_V,ppv_V,sensitivity_F,ppv_F,train_s,infer_s
eng8,HistGradientBoosting,0.810 ± 0.000,0.719 ± 0.000,0.507 ± 0.000,0.919 ± 0.000,0.825 ± 0.000,0.967 ± 0.000,0.200 ± 0.000,0.175 ± 0.000,0.936 ± 0.000,0.758 ± 0.000,0.915 ± 0.000,0.061 ± 0.000,3.184 ± 0.000,0.444 ± 0.000
eng8,LogisticRegression,0.820 ± 0.000,0.861 ± 0.000,0.596 ± 0.000,0.962 ± 0.000,0.816 ± 0.000,0.992 ± 0.000,0.837 ± 0.000,0.338 ± 0.000,0.858 ± 0.000,0.926 ± 0.000,0.933 ± 0.000,0.063 ± 0.000,0.861 ± 0.000,0.016 ± 0.000
eng8+wave24,HistGradientBoosting,0.829 ± 0.000,0.675 ± 0.000,0.482 ± 0.000,0.934 ± 0.000,0.847 ± 0.000,0.970 ± 0.000,0.216 ± 0.000,0.235 ± 0.000,0.950 ± 0.000,0.491 ± 0.000,0.688 ± 0.000,0.086 ± 0.000,11.126 ± 0.000,0.514 ± 0.000
eng8+wave24,MLP_64x32,0.758 ± 0.000,0.685 ± 0.000,0.480 ± 0.000,0.878 ± 0.000,0.756 ± 0.000,0.983 ± 0.000,0.580 ± 0.000,0.336 ± 0.000,0.908 ± 0.000,0.422 ± 0.000,0.495 ± 0.000,0.035 ± 0.000,7.930 ± 0.000,0.226 ± 0.000
eng8_balanced500,HistGradientBoosting,0.768 ± 0.009,0.751 ± 0.038,0.513 ± 0.037,0.921 ± 0.005,0.771 ± 0.006,0.979 ± 0.002,0.383 ± 0.145,0.230 ± 0.066,0.916 ± 0.003,0.735 ± 0.083,0.932 ± 0.018,0.047 ± 0.001,1.457 ± 0.048,1.188 ± 0.139
eng8_balanced500,LogisticRegression,0.814 ± 0.007,0.845 ± 0.016,0.585 ± 0.015,0.958 ± 0.006,0.811 ± 0.007,0.991 ± 0.002,0.784 ± 0.060,0.322 ± 0.029,0.852 ± 0.006,0.902 ± 0.033,0.934 ± 0.001,0.061 ± 0.002,0.033 ± 0.005,0.012 ± 0.001
eng8_balanced500,QSVM_IQP_fidelity_kernel,0.750 ± 0.035,0.625 ± 0.004,0.444 ± 0.036,0.820 ± 0.021,0.760 ± 0.040,0.978 ± 0.013,0.214 ± 0.016,0.158 ± 0.016,0.941 ± 0.014,0.539 ± 0.146,0.586 ± 0.063,0.033 ± 0.002,0.604 ± 0.110,19.812 ± 3.594
eng8_balanced500,SVM_RBF,0.806 ± 0.007,0.783 ± 0.024,0.541 ± 0.021,0.935 ± 0.003,0.807 ± 0.006,0.989 ± 0.002,0.530 ± 0.066,0.303 ± 0.024,0.949 ± 0.009,0.667 ± 0.069,0.848 ± 0.060,0.057 ± 0.003,0.267 ± 0.008,1.814 ± 0.112
eng8_balanced500,VQC_angle_SEL2_one_vs_rest,0.715 ± 0.069,0.688 ± 0.061,0.464 ± 0.040,0.907 ± 0.021,0.720 ± 0.071,0.970 ± 0.009,0.334 ± 0.200,0.127 ± 0.088,0.856 ± 0.082,0.677 ± 0.082,0.844 ± 0.018,0.057 ± 0.017,840.951 ± 194.524,140.700 ± 52.875
