model,features,draw,n_train,n_test,accuracy,balanced_accuracy,macro_f1,macro_roc_auc_ovr,sensitivity_N,ppv_N,sensitivity_S,ppv_S,sensitivity_V,ppv_V,sensitivity_F,ppv_F,confusion_matrix,train_s,infer_s
LogisticRegression,eng8,-1,50969,49661,0.8200197337951309,0.8607265613820925,0.5962368227822011,0.9620170758409389,0.8155954588629065,0.99153194765204,0.8366013071895425,0.3381770145310436,0.8577197887542715,0.9261992619926199,0.9329896907216495,0.06278182448838016,"[[36064, 2773, 206, 5175], [281, 1536, 10, 9], [16, 222, 2761, 220], [11, 11, 4, 362]]",0.7695766389997516,0.0116681869999411
HistGradientBoosting,eng8,-1,50969,49661,0.8098709248706228,0.7189845862040163,0.5070889935887106,0.918934605692777,0.825093853181962,0.9670271416454622,0.19989106753812635,0.17509541984732824,0.9360049704877291,0.7579874213836478,0.9149484536082474,0.060559535994541114,"[[36484, 1683, 645, 5406], [1155, 367, 302, 12], [72, 45, 3013, 89], [17, 1, 15, 355]]",3.1922222229995896,0.5396068610002658
HistGradientBoosting,eng8+wave24,-1,50969,49661,0.8294637643221039,0.6752355278014501,0.4824250002332757,0.9340696635818732,0.847437695056312,0.9696216943538788,0.21568627450980393,0.23515439429928742,0.9496738117427772,0.4912421661578017,0.6881443298969072,0.0859073359073359,"[[37472, 1238, 2756, 2752], [1103, 396, 324, 13], [41, 45, 3057, 76], [30, 5, 86, 267]]",11.235640160000003,0.45084707700016224
MLP_64x32,eng8+wave24,-1,50969,49661,0.7575763677735043,0.6846112375031446,0.48033163356369607,0.8781282627378403,0.756343570491655,0.9831843838193791,0.579520697167756,0.336283185840708,0.907735321528425,0.4220103986135182,0.4948453608247423,0.03455101673564873,"[[33444, 1971, 3623, 5180], [467, 1064, 233, 72], [58, 126, 2922, 113], [47, 3, 146, 192]]",7.878369012999883,0.22663432800027294
LogisticRegression,eng8_balanced100,0,400,49661,0.8225166629749703,0.8656454909805065,0.6072418450284991,0.9651644993819378,0.8168845266633498,0.9916813090270151,0.8415032679738562,0.3532235939643347,0.8763591177384281,0.9730941704035875,0.9278350515463918,0.060362173038229376,"[[36121, 2619, 58, 5420], [269, 1545, 14, 8], [21, 201, 2821, 176], [13, 9, 6, 360]]",0.01465119299973594,0.01715356500017151
SVM_RBF,eng8_balanced100,0,400,49661,0.8269265620909768,0.7697379585914195,0.5598899047640609,0.9282445088174884,0.8313808856121941,0.9834407854257511,0.5206971677559913,0.36670502493287305,0.9459459459459459,0.695364238410596,0.7809278350515464,0.05723460521344919,"[[36762, 1541, 976, 4939], [568, 956, 297, 15], [34, 103, 3045, 37], [17, 7, 61, 303]]",0.021383828000125504,0.5146258370000396
HistGradientBoosting,eng8_balanced100,0,400,49661,0.7985139244074827,0.7947738116132503,0.5646359941093027,0.9292636942004442,0.8014835587317382,0.9827246762609877,0.5659041394335512,0.31465778316172016,0.8735632183908046,0.8738346799254195,0.9381443298969072,0.051426956767448434,"[[35440, 2090, 189, 6499], [558, 1039, 212, 27], [48, 171, 2812, 188], [17, 2, 5, 364]]",0.7535965199999737,0.9244934919997831
QSVM_IQP_fidelity_kernel,eng8_balanced100,0,400,49661,0.7045367592275629,0.5361806034191956,0.35770756537783255,0.8251943748861336,0.7137817178524583,0.9809479409479409,0.10947712418300654,0.12323727774371551,0.9580615097856477,0.2816181170669345,0.3634020618556701,0.02875203915171289,"[[31562, 1339, 6600, 4717], [575, 201, 1037, 23], [24, 88, 3084, 23], [14, 3, 230, 141]]",0.029357925000113028,12.128860371999963
VQC_angle_SEL2_one_vs_rest,eng8_balanced100,0,400,49661,0.4379291597027849,0.5145206798174802,0.25078424996310167,0.8012919068138007,0.43715229092224883,0.9841657756733364,0.18845315904139434,0.04932287954383464,0.5355700528114321,0.17971437506515167,0.8969072164948454,0.02594691321204891,"[[19330, 5647, 6439, 12802], [55, 346, 1399, 36], [252, 1017, 1724, 226], [4, 5, 31, 348]]",4.462556766000034,98.63434363999977
