Dataset ID,Dataset Name,Category,Subcategory,Repository,Canonical URL,DOI,Modality,Sample Count,Feature Count,Target,File Format,License,Access Requirements,Download Method,Dataset Version,Classical ML Suitability,QML Suitability,Verification Status,Limitations,Citation
PH-001,WHO Global Health Observatory (GHO) OData API,Public Health,epidemiology,WHO Global Health Observatory,https://www.who.int/data/gho/info/gho-odata-api,Not reported,Aggregate indicator data via OData REST API,Not reported,Not reported (indicator count not stated),Not applicable (aggregate indicators),JSON (OData; /Indicator returned JSON with @odata.context); docs state default 'Observatory's XML schema'; Power BI OData feed,Not reported on API page (WHO 'Terms of use' linked in footer),Open (no login): None stated; no authentication mentioned,OData REST queries with $filter on dimensions/time,Not reported,"Medium: aggregate indicators suit regression/forecasting and descriptive analysis, not patient-level prediction",Low: aggregate panels have few independent samples; QML adds little beyond toy regression,Access verified,"Assessment: indicator definitions, disaggregation and years vary per indicator; reporting frequency not stated.",Not reported (contact gho_info@who.int)
PH-002,WHO Mortality Database,Public Health,mortality,WHO,https://www.who.int/data/data-collection-tools/who-mortality-database,Not reported,Death registration counts (civil registration and vital statistics),Not reported (note: over '2 million records in one data file'),Not reported,Not applicable (aggregate indicators),ASCII comma-separated values (raw files),Non-commercial: 'no use will be made of them for commercial purposes'; WHO must be credited as source,Open (no login): Accept non-commercial use condition; credit WHO,Direct file download from landing page; interactive portal,ICD-10 files last update 23 February 2026,"Medium: aggregate indicators suit regression/forecasting and descriptive analysis, not patient-level prediction",Low: aggregate panels have few independent samples; QML adds little beyond toy regression,Access verified,Coverage/completeness varies; 'cross-national differences in coding practices' must be considered; raw files require DBMS; multiple ICD revisions.,Not reported (publications must credit WHO as source)
PH-003,WHO/UNICEF Estimates of National Immunization Coverage (WUENIC),Public Health,vaccination,WHO Immunization Data portal,https://immunizationdata.who.int/,Not reported,Country-level coverage estimates,Not reported,Not reported (coverage by antigen),Not applicable (aggregate indicators),.xlsx,Not reported (WHO Terms of use linked in footer),Open (no login): None stated,Direct xlsx download; dashboards; WHO VISTA app,2025 estimates (annual July release),"Medium: aggregate indicators suit regression/forecasting and descriptive analysis, not patient-level prediction",Low: aggregate panels have few independent samples; QML adds little beyond toy regression,Access verified,Assessment: modelled estimates; annual national aggregates only.,Not reported
PH-004,CDC WONDER Underlying Cause of Death,Public Health,mortality,CDC WONDER,https://wonder.cdc.gov/deaths-by-underlying-cause.html,Not reported,Aggregated death certificate data (query tables),Not reported,"Variables: age groups, race, Hispanic ethnicity, sex, ICD-10 4-digit cause, 113 selected causes, injury intent/mechanism, place of death, month, weekday, autopsy, urbanization",Not applicable (aggregate indicators),Not reported,Data use restrictions: 'Use these data for health statistical reporting and analysis only. Do not present or publish death counts of 9 or fewer...',Registration / click-through terms: Agree to data use restrictions before query (no re-identification; report inadvertent discoveries); access_level: click-through agreement,Interactive web query with table export; API not stated on fetched pages,Single-race 2018-2024 release,"Medium: aggregate indicators suit regression/forecasting and descriptive analysis, not patient-level prediction; access must be obtained first",Low: aggregate panels have few independent samples; QML adds little beyond toy regression,Access verified,Suppression of counts <10; violations can lead to penalties under 18 USC 1001; aggregate only.,Not reported
PH-005,Behavioral Risk Factor Surveillance System (BRFSS) annual survey data,Public Health,epidemiology,CDC BRFSS,https://www.cdc.gov/brfss/annual_data/annual_data.htm,Not reported,Respondent-level survey microdata,"457,670 records (2024)",345 variables (2024 SAS Transport),Not applicable: respondent-level survey microdata; outcome chosen per study (correction by catalogue maintainer: this dataset is not aggregate),"SAS Transport (XPT, zipped), ASCII (zipped)",Not reported,Open (no login): None stated,Direct zip download,2024 data released August 2025; 2025 listed,"Medium: aggregate indicators suit regression/forecasting and descriptive analysis, not patient-level prediction",Low: aggregate panels have few independent samples; QML adds little beyond toy regression,Access verified,Self-reported; 2011 weighting change limits comparability with earlier years (Assessment).,Not reported
PH-006,National Health and Nutrition Examination Survey (NHANES),Public Health,epidemiology,CDC NCHS,https://wwwn.cdc.gov/nchs/nhanes/default.aspx,Not reported,"Survey microdata: interview, physical exam, laboratory",Not reported per cycle,"Components: Demographics, Dietary, Examination, Laboratory, Questionnaire, Limited Access",Not applicable: respondent-level survey microdata; outcome chosen per study (correction by catalogue maintainer: this dataset is not aggregate),Not reported on fetched pages (SAS Viewer referenced),Not reported,"Open (no login): Review NHANES Data User Agreement; restricted files via NCHS Research Data Center (fee, Standard Application Process)",Direct file download per cycle/component,Aug 2021-Aug 2023 cycle (updated sample design),"Medium: aggregate indicators suit regression/forecasting and descriptive analysis, not patient-level prediction",Low: aggregate panels have few independent samples; QML adds little beyond toy regression,Access verified,"Restricted variables only via RDC; 2021-2023 design changes affect comparability (stated: updated sample design, modified questionnaires).",Not reported
PH-007,NNDSS Weekly Data,Public Health,epidemiology,data.cdc.gov (Socrata),https://data.cdc.gov/d/x9gk-5huc,Not reported,Aggregate weekly case counts by reporting area,"Not stated; metadata column stats show 2,000,040 non-null 'Reporting Area' values at fetch time (another fetch reported 1,991,640)","Columns: Reporting Area, Current MMWR Year, MMWR Week, Label, Current week (+flag), Previous 52 week Max (+flag), Cumulative YTD current/previous year (+flags), Location1/2, Sort_order, Geocode",Not applicable (aggregate indicators),CSV/JSON (Socrata),Not reported in metadata,Open (no login),Socrata CSV export / SODA API,Updated 2026-09-30,"Medium: aggregate indicators suit regression/forecasting and descriptive analysis, not patient-level prediction",Low: aggregate panels have few independent samples; QML adds little beyond toy regression,Access verified,Provisional counts; delayed reporting; flags for suppressed/unavailable values.,"Attribution: Office of Public Health Data, Surveillance, and Technology, CDC"
PH-008,"PLACES: Local Data for Better Health, County Data, 2025 release",Public Health,epidemiology,data.cdc.gov (Socrata),https://data.cdc.gov/d/swc5-untb,Not reported,Model-based small-area estimates,Not reported,"40 measures; columns incl. Year, StateAbbr, LocationName, DataSource, Category, Measure, Data_Value, Low/High_Confidence_Limit, TotalPopulation, LocationID, MeasureId",Not applicable (aggregate indicators),CSV/JSON (Socrata),Public Domain,Open (no login),Socrata CSV export / SODA API,2025 release,"Medium: aggregate indicators suit regression/forecasting and descriptive analysis, not patient-level prediction",Low: aggregate panels have few independent samples; QML adds little beyond toy regression,Parsed,"Model-based estimates, not direct survey measures (Assessment).","Attribution: CDC, NCCDPHP, Division of Population Health"
PH-009,NCHS - Leading Causes of Death: United States,Public Health,mortality,data.cdc.gov (Socrata),https://data.cdc.gov/d/bi63-dtpu,Not reported,Aggregate death counts and age-adjusted rates,"10,868 records","6 columns: Year, 113 Cause Name, Cause Name, State, Deaths, Age-adjusted Death Rate",Not applicable (aggregate indicators),CSV/JSON (Socrata),Public Domain U.S. Government,Open (no login),Socrata CSV export / SODA API,Rows updated 2019-10-24,"Medium: aggregate indicators suit regression/forecasting and descriptive analysis, not patient-level prediction",Low: aggregate panels have few independent samples; QML adds little beyond toy regression,Parsed,Ends 2017; not updated since 2019.,Attribution: NCHS/DVS
PH-010,"National Family Health Survey (NFHS-5), 2019-21",Public Health,india_health,IIPS / MoHFW; OGD Platform India (data.gov.in),https://data.gov.in/resource/all-india-and-stateut-wise-factsheets-national-family-health-survey-nfhs-5-2019-2021,Not reported,Survey-based state/UT factsheet indicators,Not reported in fetched content (Table 1.2 by state),Not reported,Not applicable (aggregate indicators),Not reported,Not reported on page (OGD platform),Open (no login): None stated for factsheet; unit-level data access not verified,data.gov.in resource download,NFHS-5 (2019-21),"Medium: aggregate indicators suit regression/forecasting and descriptive analysis, not patient-level prediction",Low: aggregate panels have few independent samples; QML adds little beyond toy regression,Source verified,rchiips.org could not be fetched; unit-level microdata access (DHS Program) not verified.,"'National Family Health Survey (NFHS-5), 2019-21: India. Mumbai: IIPS.'"
PH-011,Health Management Information System (HMIS) India,Public Health,india_health,MoHFW HMIS; OGD Platform India,https://hmis.mohfw.gov.in/,Not reported,Aggregated routine health facility reports,Not reported,"Indicators incl. 'Health, Abortions, Immunisation, AEFI, Adolescent, Bite, Sting, Disease'",Not applicable (aggregate indicators),Not reported,Not reported (references NDSAP),Open (no login): Not verified for HMIS portal,data.gov.in resource download (no API),Published 23/12/2020; updated 25/05/2021,"Medium: aggregate indicators suit regression/forecasting and descriptive analysis, not patient-level prediction",Low: aggregate panels have few independent samples; QML adds little beyond toy regression,Source verified,HMIS portal hmis.mohfw.gov.in not fetched (timeout); only a state example resource verified.,Not reported
PH-012,"State/UT-wise Total Number of PHCs, SHCs and District Hospitals as per Rural Health Statistics (RHS) 2021-22",Public Health,india_health,OGD Platform India (data.gov.in),https://www.data.gov.in/resource/stateut-wise-total-number-primary-health-centres-phcs-sub-health-centres-shcs-and-district,Not reported,Aggregate counts,Not reported,Not reported,Not applicable (aggregate indicators),Not reported,Not reported (none shown),Open (no login): None stated,data.gov.in resource download,RHS 2021-22,"Medium: aggregate indicators suit regression/forecasting and descriptive analysis, not patient-level prediction",Low: aggregate panels have few independent samples; QML adds little beyond toy regression,Source verified,Single-year infrastructure snapshot.,Not reported
PH-013,IHME Global Burden of Disease (GBD) Results Tool,Public Health,epidemiology,IHME GHDx,https://vizhub.healthdata.org/gbd-results/,Not reported,Modelled estimates,Not reported,GBD 2019 page: 369 diseases and injuries; '350+ health outcomes and risk factors',Not applicable (aggregate indicators),Not reported,IHME FREE-OF-CHARGE NON-COMMERCIAL USER AGREEMENT (May 2020),Not verified: Non-commercial use only; commercial users must contact IHME; registration requirement not confirmed (Results Tool page returned 403),GBD Results Tool query + download,GBD 2021 estimates (tool); GBD 2023 latest round,"Medium: aggregate indicators suit regression/forecasting and descriptive analysis, not patient-level prediction; access must be obtained first",Low: aggregate panels have few independent samples; QML adds little beyond toy regression,Access verified,Agreement prohibits commercial use and derivative datasets; modelled estimates.,Attribution: 'Source: Institute for Health Metrics and Evaluation. Used with permission. All rights reserved'
PH-014,Our World in Data COVID-19 dataset,Public Health,epidemiology,GitHub (owid/covid-19-data),https://github.com/owid/covid-19-data,Not reported,Aggregate time series,Not reported,Approx. 60+ variables (README),Not applicable (aggregate indicators),"CSV, XLSX, JSON",Creative Commons BY license,Open (no login),Direct CSV/XLSX/JSON download; OWID ETL catalog,Archived; last update 19 August 2024,"Medium: aggregate indicators suit regression/forecasting and descriptive analysis, not patient-level prediction",Low: aggregate panels have few independent samples; QML adds little beyond toy regression,Parsed,Repository archived; switched from JHU to WHO weekly data.,"Mathieu, E., Ritchie, H., Ortiz-Ospina, E. et al. A global database of COVID-19 vaccinations. Nat Hum Behav (2021)."
PH-015,World Bank World Development Indicators (Health topic),Public Health,social_determinants,World Bank Data Catalog,https://datacatalog.worldbank.org/search/dataset/0037712/World-Development-Indicators,Not reported,Aggregate country-year indicators,Not reported,"WDI 'over 1,500 indicators'; health topic page lists 56 indicators",Not applicable (aggregate indicators),"CSV, XML, Excel; API",Creative Commons Attribution 4.0,Open (no login),Bulk download / Indicators API v2,Updated 2025-12-19,"Medium: aggregate indicators suit regression/forecasting and descriptive analysis, not patient-level prediction",Low: aggregate panels have few independent samples; QML adds little beyond toy regression,Parsed,Assessment: annual national aggregates; indicator gaps by country.,Not reported
PH-016,CDC/ATSDR Social Vulnerability Index (SVI),Public Health,social_determinants,CDC/ATSDR GRASP,https://www.atsdr.cdc.gov/place-health/php/svi/index.html,Not reported,Census-derived index,Not reported,16 ACS census variables in 4 themes,Not applicable (aggregate indicators),Not reported on fetched pages,Not reported,Open (no login): None stated,Download page (formats not confirmed),2022 latest listed,"Medium: aggregate indicators suit regression/forecasting and descriptive analysis, not patient-level prediction",Low: aggregate panels have few independent samples; QML adds little beyond toy regression,Source verified,Census tract boundaries change over time (comparability).,"'Centers for Disease Control and Prevention/ Agency for Toxic Substances and Disease Registry/ Geospatial Research, Analysis, and Services Program. CDC/ATSDR Social Vulnerability Index [Year] Database [U.S. or State].'"
PH-017,EPA Air Quality System (AQS) / AirData,Public Health,social_determinants,US EPA,https://www.epa.gov/outdoor-air-quality-data,Not reported,"Monitor measurements (raw/hourly, daily, annual summaries)",Not reported,"Criteria gases (O3, SO2, CO, NO2), PM2.5, PM10, speciation, meteorology, toxics, lead",Not applicable (aggregate indicators),Zipped CSV (pre-generated); JSON (API),Not reported,Open (no login): Files: none; API requires registration (email + key),"Pre-generated zip files (updated twice yearly, late May and November); AQS Data API",Files updated spring/fall,"Medium: aggregate indicators suit regression/forecasting and descriptive analysis, not patient-level prediction",Low: aggregate panels have few independent samples; QML adds little beyond toy regression,Access verified,"Monitor-site data, not gridded (Assessment).",Not reported
PH-018,DHS Program (Demographic and Health Surveys),Public Health,epidemiology,The DHS Program (ICF/USAID),https://dhsprogram.com/data/,Not reported,"Household survey microdata; biomarker, GPS",'over 90 countries from over 300 surveys',Not reported,Not applicable (aggregate indicators),Compressed zip files (format-specific formats not stated on fetched page),"Terms of Use Statement required for GPS, HIV and biomarker datasets",Registration / click-through terms: Registered user; request with project title and analysis description; review in 24-48 h; send resulting publications (PDF) to DHS archive,Download after approval; sensitive data via secure FTP,Not reported,"Medium: aggregate indicators suit regression/forecasting and descriptive analysis, not patient-level prediction; access must be obtained first",Low: aggregate panels have few independent samples; QML adds little beyond toy regression,Access verified,GPS/HIV/biomarker data restricted; access per project approval.,Not reported
